sequence,true_label,weighted_ensemble_pred,best_meta_pred,best_model_probability
VAMDPVGTKDGDWVFTIANSAARDAAG,0,0,0,0.00903045301049022
GADAILCVSPYYNRPTQQGLFEHYK,0,0,0,0.08261862553122794
GAIQRVAEENRITREAQLIEA,0,0,0,0.005025096616804871
VLEKDCPPHPVPGMHKCVCLKTC,1,1,1,0.9498783525005723
GDLPICGETCFGGTCNTPGCVCAWPVCNR,0,1,1,0.5116000175751405
MSQEIVTVSLIISILVLSGLTMGFILLKIQK,0,0,0,0.000982357725001301
RGSNLTHPLRNI,0,0,0,0.029356499219574235
TLQMLRGVQICCPYILWCCLIP,1,1,1,1.0
INIKDILAKLVKVLGHV,0,1,1,0.7795328767178684
SPEVMKSLSENFCKAMDQCKQELNLPDEVIKDLYN,0,0,0,0.39957350741452813
SSSLAGSGAYMARGGKAETTTVFFHEEA,0,0,0,0.002187467495052214
CVPYEGPCNWLTQNCCDELCVFFCL,1,1,1,1.0
ATVKVTLIKSVTGRIPNHKLVKGL,0,0,0,0.14139769466937838
HLACANGHPEVVALLVDRGCQLDVFDNKNRTA,0,0,0,0.040126945267194354
CTPAGDACDATTKCCIPFCNLATKKCQVPTFP,1,1,1,1.0
AIIKIKVKAVCKLCICGCNCK,1,1,1,0.9954433707412182
MCDILLNVLNIVFIGIAIILVIIC,0,0,0,0.38436487522752627
FWGAAAKMLGKALPGLISMFQKN,1,1,1,0.9894255289676166
ADVPGNYPLDKNGNRYY,1,0,0,0.05304039507956927
LTHGFTVDEKGEKMSKSKGNV,0,0,0,0.01787200674405396
FLPAIAGVAAKFLPKIFCAISKKC,0,0,0,0.11317501384847439
VVGCWQPWC,1,1,1,0.992928232865942
RRRRRRRRHRRRRGRRGRRSRGRR,0,0,0,0.007287152929675812
LFPGKFNQVSSQQMAIQAYEDMVTQVQRSQ,0,0,0,0.002083402129249039
RDPCCYHPTCNASNPQIC,1,1,1,1.0
DCCQRNFLCC,1,1,1,1.0
MLLNKTKWVSEKLISLEQGVVVLIKK,0,0,0,0.05243358587041277
SVSNIPESIGF,0,0,0,0.03093425712358027
QDCAAGGQFCGFPKIGGPCCSGWCLGVCA,1,1,1,1.0
GRCCHPACAKYFSC,1,1,1,1.0
TCEPSGKPCRPLMRIPCCGSCVRGKCA,1,1,1,1.0
MMKLVIILVVLLLLSFPTY,1,1,1,0.5157257640539976
YKSDSFYGLM,0,0,0,0.05481125657727801
GSGKTLLAETLARLLDV,0,0,0,0.006827256536736802
QSDDYGHMRF,0,0,0,0.01236351093360973
MDPAGPDNDERFTYDYYRLRVVGLIVAAVL,0,0,0,0.017510320829461235
GFLDKLKKGASDFANALVNSIKGT,0,1,1,0.7711581592213276
FLPLLAGLAANFLPKIFCKITRK,1,1,1,0.9727408480531358
MSMGIAARPPRAALLPPPSVPRSR,0,0,0,0.2206925621186639
GNNRPVYIPQPRPPHPRI,1,0,0,0.36868140277922806
MTDAQVFTILAIALVPAVMAALLGSALARS,0,0,0,0.0018272546915334945
ARFLFGSSFPVL,0,0,0,0.0020554809825081887
EDTGTFEEGHGGVR,0,0,0,0.0002655591481205422
FFPLIPGVRCKILRTC,1,1,1,0.9500472930104183
LRRDQVMEGVPELVEEVQIEAV,0,0,0,0.00041036287158015646
IHAHNNDQYTDGLRSPVIIHPDDPADI,0,0,0,0.01917334423511112
GLLDGLLGGLGL,0,1,1,0.49281041064379694
GWWGNNNEKRFQMLEKFEPIKGALG,0,0,0,0.09773550279577979
ASEALVEIKPGEIGMVSGIPDEHLRRFVVI,0,0,0,0.004427684400172394
HSDAVFTDNYTRLRKQMAVKKYLNSILN,1,0,0,0.054334731404643115
DEAVVHDSYAFDKNQLIPVGARAE,0,0,0,0.008513384442281866
IREHERSEV,0,0,0,0.32920636719680185
KRFKKFFKKLKNSVKKRAKKFFKKPRVIGVSIPF,1,1,1,0.998616130044484
SPASGFFGMR,0,0,0,0.018757170723056504
SDDIVIDGHLAAWI,0,0,0,0.2565013749619119
IICAPEGGPCVAGIGCCAGLRCSGAKLGLAGSCQ,1,1,1,1.0
QEKPYWPPPIYPM,0,1,1,0.4173818185562961
TAANVKIFNTEEVQNFINLL,0,0,0,0.003863818148520714
SKVFYLKMKGDYHRYM,0,0,0,0.36361488139417353
EGLQEDKKIRNCIKNYIQKNRKKGSNR,0,0,0,0.1491599297892653
CIGLSNYCGPWNNPPCCSRWICESRYCDFPNVLS,1,1,1,1.0
EDAKEELYSLVTVAEIPEGGLKGLGTQV,0,0,0,0.0011667505380365331
ELICKPDGLAYPVQDGIPVLLEVE,0,0,0,0.002304561205739053
DCPPWCPTSHCNAGTC,1,1,1,0.9947292868534481
IIGPVLGLIGKALGGLL,1,1,1,0.8022674812602846
HPKPNSFW,1,1,1,0.48165485449562473
FALGAVTKLLPSLLCMITRKC,1,1,1,0.9571459794888814
DKSLKNIKLTR,0,0,0,0.265457917138772
MEALVYTFLLVSTLGIIFFAIFFREPPKVPDRGSK,0,0,0,0.0007239046545357395
GLFSVVTGVLKAVGKNVAGSLLEQLKCKISGGC,0,1,1,0.9540826086153262
QCCPTMPECCRI,1,1,1,1.0
DGCPPHPVPGMHPCMCTNTC,1,1,1,0.9949210599006527
FLPFIAGMAAKFLPKIFCAISKK,1,1,1,0.7002752238381461
IIGGYECKPHSQPWQAFLVDNK,0,0,0,0.2964610293322565
ADHAGAAKEVRSADHTPKRFLHDVRGP,1,0,0,0.02307755842013145
GFRDVLKGAAKQFVKTVAGHIANI,0,0,0,0.28469302444095207
APKAVNIIVKSEKMGPEPMIKALWVVTVVASAI,0,0,0,0.006013625870297761
GLLSGILGAGKQKVCGLSGLC,1,1,1,0.8665965751440575
CCSKYCWECTPCCPYSS,1,1,1,1.0
GGPAAYSYNGADFGAVGELGSSKGL,0,0,0,0.0020077729533206717
GLVTGLLKTAGKLLGDLFGSLSG,1,1,1,0.905268872322271
DLAVALNAGQIKT,0,0,0,0.04244251487179434
GALSHVLEDLSVLSAN,0,0,0,0.017307112437757483
KAVCCEVLPGTDCCF,1,1,1,1.0
GLLGPLLKIAAKVGSNLL,1,1,1,0.8765103615885863
CTCKDMTDKECLYFCHQDIIW,1,1,1,0.9895009251358239
NGAPQPFVRF,0,0,0,0.057700795754116053
GAPKGCWTKSYPPQPCFGKK,1,1,1,0.8946683884403972
MEPNQHVEAETELVTETLVEEVSIDGMCGVY,0,0,0,0.000820169488955234
FHPSLWVLIPQYIQLIRKILKS,1,0,0,0.2755986615319552
MQNSSNIFTTDKAANEFSFPDLKNFRYNDRTFLR,0,0,0,0.0015823923838662163
KYYGNGVTCGKHSSVDWSKATTNI,0,0,0,0.055115274281845004
AALGQHQIKWVWVKGHAGHPENERCDEL,0,0,0,0.01405036542648876
LHTKGSVPLDTITFYKVIPKHKFVLVKFDTQY,0,0,0,0.03937344602953348
VVGADNCNFN,1,1,1,0.6109151826783179
QMMLDDPEMREMAQEELREAKEKSEQLE,0,0,0,0.04910931750420123
DCCIIAGCPFGCTICC,1,1,1,1.0
AGPSATTGVWFGPRL,0,0,0,0.032064836634370826
WREDKLPYEDVAIPLSELPEPEQDNGGT,0,0,0,0.007295371307757403
AEFGPSQPFKGAK,0,0,0,0.009701006432414071
INWKAILGKIGKAAAAVI,0,1,1,0.7150912269121397
GLLSKVLGVGKKVLCGVSGLC,1,1,1,0.9852865556033092
SFCIPFKPCKSDENCCKKFKCKTTGIVKLCRW,1,1,1,1.0
CCSQDCWECIPCCPN,1,1,1,1.0
QARPRHPKIPP,1,1,1,0.9600023454924039
LTVREECCSDPRCSVGHQDMCR,1,1,1,1.0
MGDCGCSGASSCNCGSGCSCSNCGSK,0,1,1,0.9259324254336979
MWRDSLCAAAGYALGAGTRLRSVLSSRKLQP,0,0,0,0.034062058050766945
SPAPPACDPRLLNKLLRDDHVLHGRL,0,0,0,0.015297595537973236
APANSVWS,1,1,1,0.5898112882816702
RIRFPWPWRWPWWRRVRG,1,1,1,0.9579246417090269
LSLTPTPGVLHK,0,0,0,0.00972241148024749
AYAYSALSQIRVDAKEE,0,0,0,0.005159306957108809
LTIKGCCSDPSCNVNNPDYCG,1,1,1,1.0
GYEEGREVAETVRELEEA,1,0,0,0.33030208301391195
QCGKHCPTCRHC,1,1,1,0.9994971970343798
AVAFAKTIDFSIEASELYKGSNCYHMT,0,0,0,0.057050667333833766
GWASKIGTQLGKMAKVGLKEFVQS,0,0,0,0.2765575446454658
FLPIVGKLLSGLSGLS,1,1,1,0.9071106005596378
ANIQSFSFKNFNSPSFILQGDATVSSGKLQLP,0,0,0,0.005271747960521267
MIAIVTDIEGTTSDTFVNVLFPY,0,0,0,0.03315850729137274
CCQAACSPWPCLPCC,1,1,1,1.0
GCCGKYPNAACHPCGCTVGRPPYCDRPSGG,1,1,1,1.0
IIGPVLGMVGSALGGLLKKIG,0,0,0,0.3401654646462484
KLSYDDKVFENVEFTPRL,0,0,0,0.11657653331543764
GIGGVLLSAGKAALKGLTKVLAEKYAN,1,1,1,0.9898650343139311
NLAPLDLQTPTAFDNNYYK,1,0,0,0.3208567703257938
MTDVQLQNIVTTFGISMMLLIILYHYLSRPQA,0,0,0,0.003813046916379892
VDPKVYELYKTYKVL,0,0,0,0.2629076758637898
SCSCQKHFSCCD,1,1,1,1.0
RICPRILMECSSDSDCLAECICLEQDGFCG,0,0,0,0.08396134913520559
TAEVMSVTAFGALE,0,0,0,0.010564599312686204
AAALSQAADNLR,0,0,0,0.016457613658350516
MQTIPSTTETAADFDAVIGAGFGLYALHR,0,0,0,0.007780186033902506
ECCSHPACNVDHPEICR,1,1,1,1.0
MEPDPTPLPRRRLKLFR,0,0,0,0.012683834534292395
CTVDSDFCDPGNHNCCSGKCIDEGGSGVCAIIP,1,1,1,1.0
MLSKSNNTLFNHDCSLSFCKEKVYSKLLV,0,0,0,0.03642301498109144
VRIEELRNIWQHVV,0,0,0,0.05718311070251143
NCSDDWQYCESPSDCCSWDCDVVCS,1,1,1,1.0
QACCGFKMCVPC,1,1,1,1.0
GCCPIGPCMQSVCSPCCP,1,1,1,1.0
GLFKGKKKNKKTK,1,1,1,0.7880239157511233
MKIKFSRGARFSATFSFDKYPFLLYEVVR,0,0,0,0.007132842156249556
CCGR,1,1,1,1.0
LLGMNNDFPPRAHCLV,0,0,0,0.2682153782308989
ECCSNPACRVNNPHVC,1,1,1,1.0
GQLALKQQTVNRLLNKIYSPISDAYSELKQL,0,0,0,0.006832972205209556
SAPQSIWYGPDRPKNRELEVIHSRFGEAVWFK,0,0,0,0.01068804270268324
ECRQPGEFCFPVVAKCCGGTCLVICI,1,1,1,1.0
RGCCSHPVCNLNNPQMCR,1,1,1,1.0
ALCNCNRIIIPHMCWKKCGKK,1,1,1,0.9867452507098684
LTCLNCPEMFCGKFQICRNGEKICFKKLHQRRP,1,1,1,0.5125644421504548
NEGKAKCGNTAGSKLTFKSADECTKTGQK,0,1,1,0.5217037357045836
ASGGTVGYGAWMRSSLVSSTITTFS,0,0,0,0.00461297811601984
RVMLLAMSMVAMVV,0,0,0,0.027221278943093532
RDPTGCEVDQVIMVKRHGERYPSPSAGK,0,0,0,0.03271715444113366
NLYQFGNMIQCTIPGSNPLL,0,1,1,0.7623590903873703
MKCNKMNRVQLKEGSVSMTL,0,0,0,0.03248006224436408
CCNWPRCNVYLCGPCC,1,1,1,1.0
LPKMLTTDLSLRYDPAYEKIARR,0,0,0,0.03764946257053897
MEVNILAFIATALFILVPTAFLLIIYVKTVSKND,0,0,0,0.001523111963640614
SGETSGEGNGMWFGPRL,0,0,0,0.0028347599235277704
AFLKMDHASQTNLEL,0,0,0,0.010340507350097098
AANDKASDLMALRDGCCSDPACAVNHPDICGGGR,1,1,1,1.0
ANLFTSDQDLYTDSR,1,0,0,0.0701800698763238
GVCCGFKLCHC,1,1,1,1.0
LRGCVPSGEICYFMDHIGCCSGKCTFVCM,1,1,1,1.0
SDPEAPGIWFGPRL,0,0,0,0.15412224503364683
VRDICKKEAERQDLSSCENYITQRRGY,1,0,0,0.04692671515997318
NLNLTGQAPYKLKIGAPAAVQIQYQ,0,0,0,0.15535063586649062
QCEDVWMPCTSNWECCSLDCERYCTQI,1,1,1,1.0
SISCGESCAMISFCFTEVIGCSCKNKVCYLN,1,0,0,0.3185140321813452
EGCNILCLLKRKVKAVKNVVKNVVKSVVG,1,1,1,0.916565709162517
GCCCNPACGPNYGCGTSCS,1,1,1,1.0
GFWGKLWEGVKSAI,1,1,1,0.813388405583594
HQIALNISSTIFILPLSIATAAS,0,0,0,0.004625637751652896
GIGGALLSAGKSALKGLAKGLAEHF,1,1,1,0.9531987598716591
FSAQKFVQQISRARTFAFMKDI,0,0,0,0.011560181858479537
IRLFRMVLLNMAFA,0,0,0,0.11481601414180136
ITFSKIYRSCKSDSDCGNQKCARGRCV,1,1,1,0.930252882966218
FSSGLLEHPQYTRPADWKGRAIPDVLMS,0,0,0,0.028417214815334654
IDSVKTFCCSTFNLGICCSKK,1,1,1,1.0
LFVKPEGSREAAVRWDAPPHPNGRLT,0,0,0,0.1648086536239373
MIPAAFDYVAPSTVDEAVQAL,0,0,0,0.0029129851576347896
MLTITSYFGFLLAALTITSALLIGLSKIRLI,0,0,0,0.000555770260070119
TWEECCKRPPCRVQHMGHC,1,1,1,1.0
ASNLATGGAGPLIKGTGGRSS,0,0,0,0.04361755376269856
TCRSSGRYCRSPYDRRRRYCRRITDACV,1,1,1,0.8081823381141832
MESIAYVLIFACLIGLFFFAIFFREPPRITKK,0,0,0,0.000599590415832663
KRGFLDVIKHVGKAALSVVSHLINEGEH,0,1,1,0.9011362383741431
DVAGLVPAKDSPAFQKRAAAAVNTTAD,0,0,0,0.0189115544565776
IRDECCSNPACRVNNAHVC,1,1,1,1.0
YQRSRYYYYGPPDDIDDRY,0,0,0,0.04708001109851767
SLIEFGKMITEETNRPVFPYEATIVVCDCGNGNGS,1,0,0,0.36036966472694704
GEAANVMGAPK,0,0,0,0.016093908590238987
GVWSTVLGGLKKFAKGGLEAIVNPK,1,1,1,0.8092064105193522
QCCDSNSCEYPKCLCCN,1,1,1,1.0
AIMDTIKDTAKTVAVGLLNKLKCKITGC,0,1,1,0.9682128406832881
AADYKRSDWFAWVIHSCCSNPPCAHVNCRRRR,1,1,1,1.0
QADPNKFYGLM,0,0,0,0.03509102487047783
ILGKIAEGIKSLF,1,1,1,0.6289548182349574
MGDAHVGLQARLMSQAL,0,0,0,0.0012570941021603443
GKCGDINAGCSSDCDCCGSSVTCDCAIRKKF,1,1,1,1.0
GTYLYPFSYYRLWRYFTRFLHKQPYYYVHI,1,1,1,0.7571223581238176
ELVTLSGAHTIGQAR,1,1,1,0.8748912114067686
GMSMGIGIAIGITLIVGTLMTPIIN,0,0,0,0.03858296345203332
GGCCSHPACGVNHPELC,1,1,1,1.0
GLFSVLGAVAKHVLPHVVPVIAEKL,1,1,1,0.8315749391549319
DDCAGWMESCSSKPCCAGRKCFSEWYCKLVVDQN,1,1,1,1.0
APLEDEDDLELLEKVKRDRKKRLERQGAIN,0,0,0,0.08375995188640126
RCCTFSECDGNCHCCQ,1,1,1,1.0
LPPWIG,0,1,1,0.6718354420756731
GCCSYPPCFATNPDCAG,1,1,1,1.0
MKHKSGKRSWKTLYFEFAFLGLKVIVSVKR,1,0,0,0.06463790294575374
EIVNIIDSISDVAKQICCEITVQCCVLDEE,1,1,1,0.9957668950365498
KLLKLLLKLLLKLLK,1,1,1,0.99216156335988
EKMTRVRIIGDYLAKRFG,0,0,0,0.00504630135307348
SEDCTPWTATPITVLAGCRDYVGEQ,0,0,0,0.20161144417206348
PIMTDGEDADYTHFTNQ,0,0,0,0.002353086103520708
SAALDRLTKAGLPYISVLTDPTMGGVSA,0,0,0,0.01168426620272594
GIFDVLKNLAKGVITSLAS,1,1,1,0.6589383742490693
ASFSVVGDIMGTSMQNLHQLLQMPFGCGEQNM,0,0,0,0.03255428024144962
MPARALIDLQALRHNYQLAAEVIG,0,0,0,0.013071769673893441
MAADIISTIGDLVKLIINTVKKFQK,1,1,1,0.9199442578280757
GNMKEVFTRFCNGLTQIETLFKSKNYEF,0,0,0,0.07469880755289802
CIDGGEICDYFFPNCCSGWCIILVCA,1,1,1,1.0
MIINHNMSAINAQVQGVT,0,0,0,0.004732170117232145
DGCCSDPACAVNHPDICGG,1,1,1,1.0
VIAGGAAIIG,0,0,0,0.06391098734834862
KRRPPGFTPFR,1,1,1,0.9967136137996564
SVAGRAQGM,1,0,0,0.03569398968370482
MVNWQVIGQLVSTGLIGLLGPAVIILLALKKGNL,0,0,0,0.011101913520946808
CKGKGQSCSKLMYDCCTGSCSRRGKC,1,1,1,1.0
IWVGISYKIHSLYFQ,0,0,0,0.21907097315195084
MLTITSYFGFLLAVLTITSALFIGLNKIRLI,0,0,0,0.0004633932101096746
QARPPHPPIPPAP,1,1,1,0.9903133966573712
IEPERQEEEEEETRQRVRRGQVRQQQQ,0,0,0,0.003084059551893108
MRDKWRKKRVRRLKRKRRKVRARSK,0,0,0,0.014599829262523298
SVDFDSESPRKPEIQ,1,0,0,0.23723369299542701
AMVSS,1,0,0,0.0202924982841066
GKYAGQGVKVDGEELLVI,0,0,0,0.0057039795679776194
MITDSQVFIGLVIALVPAILAFKLGLSLYE,0,0,0,0.006137341772328158
MGRSAGHLALGMAEASGAHLCLIPEEFKQD,0,0,0,0.009396516739907206
GCCSHPACAGNNPHICS,1,1,1,1.0
FLPIIASVAAKLIPSIVCRITKKC,0,1,1,0.5748664941651619
MKTKFVFDLLAPDDILHPSNHVNLIIRLI,0,0,0,0.005613943305400509
LRWCIPRGDLCFPSDRIQCCSGKCTFVCM,1,1,1,1.0
NLIQLSNMIKCAIPGSRPLFQYTDYGCY,1,1,1,0.8967907331646194
THFGYQTVPTDQKTDKV,0,0,0,0.005888048169531377
TAQAKESGKPAEIIEKMIVGRIRKF,0,0,0,0.024413435818563447
GLMDTVKNAAKNLAGQLLDTIKCKMTGC,1,1,1,0.815533561231286
QQSGHFLHYKMTEGIE,0,0,0,0.003199985514035566
FEVFHDGHLNILKRALKLF,0,0,0,0.032318746456142564
CCLWPECGGCVCCYL,1,1,1,1.0
YCVPKSGLCTIFQPGKCCSGWCLIYRCT,1,1,1,0.9716826693786025
GVWTTILGGLKKFAKGGLEALTNPK,1,1,1,0.9582203391049736
GSGGLKRFRAFTSHRFHGKTKK,0,1,1,0.41322121959137653
IIGPVLGLVGKPLESLLE,1,0,0,0.321083599132995
NECPWQPWC,1,1,1,0.9989376969420874
QADPKTFYGLM,0,0,0,0.019210304276339844
YIFLPRISCALAWVVNPIFVYFIFTEK,0,0,0,0.011598972365104198
MKKLERMSEVSQMCSEAKKNRKRMSVVSSVA,0,0,0,0.08951280574032479
ECSSYDEYCFPGIRDCCSGFCFIICI,1,1,1,1.0
KAAPEVEQLALSVPDNGGVYLVPAFAGLGAPH,0,0,0,0.0032360712595538507
VDIHVWSGV,1,1,1,0.8575885925614048
CCDRIACRFGCVPCCT,1,1,1,1.0
LNRDDDSDLHSPRYSFSEDTKCDDGWFVGTSRRTK,0,0,0,0.11699307126169499
MKLYSFFNRA,0,0,0,0.004363982512612633
MSIADLKSRLIKASTS,0,0,0,0.04663852924566847
CRPRGMVCGFPKPGPYCCNGWCFFVCL,1,1,1,1.0
RSGRGECRRQCLRRHEGQPWETQECMRRCRRRG,0,1,1,0.8496570282142711
TRSDLLLINKIDLADKVGADLNIMKSDTE,0,0,0,0.009673966004565562
YIQGYSGDVR,0,0,0,0.28955090647996623
RDCQWGCEGCRNRAGCCCGDQVCVDNNRCE,1,1,1,1.0
GCCSRPPCIANDPDLC,1,1,1,1.0
PLPTTRGNPTGPKESKKEVESKTETDPFAW,0,0,0,0.002815324448334666
QECCSYPACNLDHPELC,1,1,1,1.0
YGRRCCNWGPGRRYCKRWC,1,1,1,1.0
QRKESYIRKLEEQVKEYEVMSQE,0,0,0,0.20056007789451213
CCVVCNAGCSGNCCP,1,1,1,1.0
AGCGGHCLDNSFCPPACSDCSEIYAC,1,1,1,0.955095576369005
LRECCGRVGPMCPKCMCPPRRC,1,1,1,1.0
MKVYTDIFTRDEFLSDSYPM,0,0,0,0.03510989286638722
ANNPGARKAIRKIEARTEVN,0,0,0,0.008213788811803048
GLLNTFKDWAISIAKGAGKGVLTTLSCKLDKSC,0,1,1,0.9775581313324729
FLPFVGNLLNGLL,1,1,1,0.7407430894548298
GVSKILHSAGKFGKAFLGEIMKS,1,1,1,0.9493261951530017
WSARHLTPVALAVTAV,0,0,0,0.0034792446767970774
KLNLSDEKCVITVQKYGNTSA,0,0,0,0.04505407033400939
GTGCSSGCHRVGQQCRCG,1,1,1,0.9978134666715459
NPKVPSNILNSLSNVL,0,0,0,0.22635159411228883
GFLDTFKNLALNAAKSAGVSVLNSLSCKLFKTC,1,1,1,0.940726711883937
ISEKATVLAESKKQFV,0,0,0,0.021745127959006766
GTPCGESCVYIPCISGVIGCSCTDKVCYLN,1,0,0,0.3433847652918113
CRRLCYKQRCVTYCRGR,1,1,1,0.9960312034819742
GGNTECFWKYCV,0,0,0,0.10205211515737948
KIPNILKGGLKSICKHRKYLDKACAAI,1,1,1,0.7613196001750759
PVCSTKYDSITIFITVAVVLTLITLWT,0,0,0,0.0028570376861779038
MVGEIVESAVLSSVLVLVGLAIGFLLLKVQGE,0,0,0,0.0020367564790148844
MNIVDIAWAALMVVFTFSLSLVVWGRSGL,0,0,0,0.0011790043727176193
DDECEPPGDFCGFFKIGPPCCSGWCFLWCV,1,1,1,1.0
MWTKPAYTDLRIGFEVTMYFANR,0,0,0,0.008956260696839212
EFILPAVGRTCCDLTWCDGNCRCCTP,1,1,1,1.0
FESEMR,0,0,0,0.14463842500095578
ATRATNGGYTTYTTNGT,1,0,0,0.0009011643504697384
PAVLKAFHAAVDDLGTTD,0,0,0,0.0019692670124648874
GCCSYPPCFATNPDCAGGG,1,1,1,1.0
YGSSAGAKCMNGKCKCYNN,1,1,1,0.9878759497417927
WGATRGCAATCPEAKPRETVECCATDKCNL,1,1,1,1.0
DCTRMFGACRRDSDCCPHLGCKPTSKYCAWDGTI,1,1,1,1.0
GVVDILKGAAKDIAGHLASKVMN,1,1,1,0.5898454615102712
CLESGSLCFAGYGHSSCCSGACLDYGGLGVGACR,1,1,1,0.81184721470386
CCGIPNAACHPCVCTGKC,1,1,1,1.0
PGGGIVSLFMLSSGKK,0,0,0,0.033494561295447554
LLGMIPVAISAISALSKL,1,1,1,0.9811772912039429
NRLSWCIPTGDLCFPSDHIQCCSGKCTFVCM,1,1,1,1.0
EVHLTSDDAPRATDEQIKKAS,0,0,0,0.0016939859752550575
AKTGILDSDGPTVAGNSLSGT,1,0,0,0.013173861604132397
GLNRPSKRCLAGSARCEFHKPSTCCSGHCIFWWCA,1,1,1,1.0
GYTNQNESIYTARERHVTA,0,0,0,0.01218651334274533
AASDKASELMALAVRGCCSNLACAGNNLHICGRRR,1,1,1,1.0
DINGGGATLPQALYQTSGVL,1,0,0,0.16913173123695724
QDYWDRQGCALL,0,0,0,0.13406983863247485
CKGKGAKSRLMYDCTGSRSGKGS,1,1,1,0.95164408957108
STIPSLGSEWDDGW,1,0,0,0.3088429224798072
DAADVKPVARHNDGPGRDPAPCCQHPIETCC,1,1,1,1.0
LDPCCREPPCASTHTDICT,1,1,1,1.0
AFYAPFGVSAMTSSVNQNW,0,0,0,0.006492867431127778
ALWKTLLKHVGKAAGKAALNAVTDMVNQ,1,1,1,0.9737153015541438
RSNQDTCLNQRPIVCQGDPVIVGQVLADGSACEGG,0,1,1,0.479527428261007
GIPCAESCVYIPCLTSAGCSCKSKVCYRN,0,0,0,0.1717321876448321
CKPPGSKCTPTVYNCCTSCNPYSHKCRTPW,1,1,1,1.0
ECGTLFSGCSTHADCCEGFICKLWCRYERTW,1,1,1,1.0
VAGKSFVPIALGRQSKQTPF,0,0,0,0.021463762506331335
DPDNFKLLGDCLTI,0,0,0,0.014165858246927496
GVQKSEVVITSA,0,0,0,0.02242715232872717
RWAEIVCRSPSCNECCEWHTCFAPED,0,1,1,1.0
MELLIQLTSLLLIVIAGPLVIALLFLKQGNL,0,0,0,0.003649142132213517
MNDQMFVETLIITSSFFAIAVVLVLSVLLIERTG,0,0,0,0.0012922821101766162
GAGALAKFLAKKVAKTVAKQAAKQGAKYVVNKQME,1,1,1,0.9849661553777267
SPHYNFGL,0,0,0,0.03930827742501866
RIRKPIFIAFPRF,1,1,1,0.9572697338438202
RPPGFDPFR,1,1,1,0.996048519973694
VSDVPNNDDRFTY,0,0,0,0.07305156347544321
RYPRDLLDKVCTYLNIEL,0,0,0,0.14103356575181558
AANDKASVQIALTVQECCADAACSLTNPLIC,1,1,1,1.0
ANFPTVSLNTVGITRQIPQDFMNAV,1,0,0,0.03494633919287505
MCCGEGAPCPSYFRNSQICHCC,1,1,1,1.0
STAGDTHLGGEDF,0,0,0,0.001474839579047643
RDACTKKAKDRQAKQRCAA,1,1,1,0.9628530054454663
APSDTTIAETLTITEEFFPD,0,0,0,0.011837406453634484
ILGKLLSTAAGLLSNL,1,1,1,0.8383946071190538
IATQTAPK,0,0,0,0.3219045545559917
ECCEWEWCDGACDCCN,1,1,1,1.0
NRLSRCIPSGDLCFPSDHIQCCNAKCAFVCL,1,1,1,1.0
NLYQFKNMIQCTVPS,0,1,1,0.6707527883121087
LESLRSAMQEEGI,0,0,0,0.00499938200007369
IIGDTINGAIANANNIVGKIGII,0,0,0,0.09323760815561308
GPPKVAPGKISASFGGEWL,0,0,0,0.026945032861205635
DFGHIQYVAAYR,0,0,0,0.10470312117723785
CCSYPPCNVSYPEICG,1,1,1,1.0
NLQILCCKHTPACCT,1,1,1,1.0
VGMVVGFVFSWQQTLLTLVTLPLVCLSVYLEG,0,0,0,0.0010897065244627358
ILNRCCNDDN,1,1,1,1.0
DDPTSTFTCPGGSNYK,0,1,1,0.41939867856176494
DSSVLTSEYPR,0,0,0,0.12632232042628266
MGGEILNAAILSFGLIFVGWGLGALLLKIQGGEE,0,0,0,0.008639623939478766
MGIFSIFVISTVHYQPNKK,0,0,0,0.0017746901566692858
MPTITSYFGFLLAALTITSALFIGLSKIRLI,0,0,0,0.0003798737722305409
NVDFNSESTRRKNKQKEIVDLHNSLRRVD,1,1,1,0.9291019415904325
AAKVKYSLTPAECCPNPPCFAQHSNLCGARR,1,1,1,1.0
AANDKASDLMALRGGCCSRPPCILEHPEICGRRR,1,1,1,1.0
AANDKAPVQIVLTVQECCADSACSLTNPLICGRR,1,1,1,1.0
QNWPSPK,1,1,1,0.8147178263219398
ALPKKLKYLNLFNDGFNYMGVV,0,0,0,0.03330259446215375
QGRPLGPPIPP,1,1,1,0.9961663191821668
NLLQFENMIRNVAGRSGIWWYSD,1,1,1,0.9587989192987773
GVSGHGQHGVHG,1,1,1,0.5031844271701854
TGVLIGVSLPPYCPWWLLISGSFIAIILAKQL,0,0,0,0.14813023437479003
GTLPDVSSSKPARDTGAEQTSAPARAGF,0,0,0,0.01706484076483454
LTNKTARFLVNGTSIPEVDFDVGE,0,0,0,0.0003578637479557856
GFVALLKKLPLILKHLP,1,1,1,0.9441649092029331
REVMVVTFLAILELMKHQQIVIEQEQNFDE,0,0,0,0.007678089893609076
ATAWDFGPHGLLPIRPIRIRPLCGKDKS,1,1,1,0.4901023488479453
GKAFDDGAFTGIREINLSINKETAIGD,0,0,0,0.011569838468680774
MNLEILAQLTALAFIVVSGPLVIALLAFRKGNL,0,0,0,0.001980359521567798
PGCCARLICCP,1,1,1,1.0
AHSDAVTPLPARSKV,0,0,0,0.008761999292622082
SSCGEPCIQDEHCSGTCNICTGNLSKCM,1,1,1,0.9934097267364088
ILRGILRNGVCC,1,1,1,1.0
AISSGACCAYPPCFEAYPERCL,1,1,1,1.0
DVHSNTGIFGIHTS,0,0,0,0.06960343822328077
VSEACEESCEDEEKHCCHENNGVYTCLRYCW,1,1,1,1.0
RTETAMPRLGAFFLERSAGAETDNAVPQGSKL,0,0,0,0.019831018269329315
MREKWKKKRSRRLRRKRRKMRARSK,0,0,0,0.014650916663586788
FLPLAVSLAANFLPKLFCKITKKC,1,1,1,0.9612002803372655
SEKILYEDAFLSKNIIELYADYKEKQG,0,0,0,0.002986426839112164
IVPCHRVVLKSGLGDYTPKREYKQF,0,0,0,0.19075865741371162
ECCNPACGNHTSC,1,1,1,1.0
LRKEQFSMRMQLAMGQFQ,0,0,0,0.018857412294720266
CCSRYCWKCIPCCPY,1,1,1,1.0
APAAGFFGMR,1,0,0,0.1873076737480316
AVNGGPATLPEYQI,0,0,0,0.3243199055364282
SFEDKVVRFKEKDTHQIFIEPET,0,0,0,0.0032468950745302215
NRPYSFGL,0,0,0,0.029221105914268342
FLQHIIGALTHIF,1,1,1,0.5350384833499227
MERQVFIRLRHRLEADP,0,0,0,0.010433494083231727
ECRYWLGGCSAGQTCCKHLVCSRRHGWCVWDGTFS,1,1,1,1.0
PESAKKKPTKGKVVAVGP,0,0,0,0.016506181246817176
DCCRKPFRKHCWDCTAGTPYYGYSTRNIFGCTC,0,1,1,1.0
NRWYFPAFNVADSA,0,0,0,0.2793405520905355
SGTVGR,1,0,0,0.2182983622814088
ECLEADYYCVLPFVSNGMCCSGICVFVCIAQKY,1,1,1,1.0
VGERCCKNGKRGCGRWCRDHSRCC,1,1,1,1.0
APRTESLVTSGQISREYGLICHGRLVS,0,0,0,0.025588590805067386
GEDDLQDNQDLIRDKSN,1,0,0,0.013465855077707546
GCCPNHSSCC,1,1,1,1.0
TIEDTFGIQEVKLPAGHMVLYPSSSLHHVTPVTRG,0,0,0,0.004972418510697687
RSCASNCVSCGSGCCCSPNSCVDSTCTHHSTPH,1,1,1,1.0
MFTIITYFGLLLAALALAVVLFVGLSKIELI,0,0,0,0.0025826135818646464
WDYIGSPTNVIMVISTSLMLFAGRFGLAPSANR,0,0,0,0.010517705562666818
GLPVCGETCFTGSCYTPGCSCNWPVCNRN,1,1,1,0.9118305341059262
TYGIYDAKPPFSCAGLRGGCVLPPNLRPKFKE,1,1,1,0.6136279660151981
DWTYTTWLWWWWWWT,0,1,1,0.9497869513133902
CFIRNCPP,1,1,1,0.9912011505183371
MLIQLKIKLLLLLLLYLLYIFYVFLWKQSEF,0,0,0,0.05216540217550924
VVYSTQNLDLWYGDTHALQNINLDILENNVTAI,0,0,0,0.13211913349308907
AANDKASDLMALTVRGCCVYPPCAVNHPDICRGGR,1,1,1,1.0
VCCSFGSCDSLCQCCDC,1,1,1,1.0
MGDISPLTGTNGQIR,1,0,0,0.017664394421408023
INWKKIASIGKEVLKAL,1,1,1,0.9202343700861959
GVLGAVKDLLIGAGKSAAQSVLKTLSCKLSNDC,1,1,1,0.8237130593983953
LWTRDYAGVYEAIRGFDWSQDAK,0,0,0,0.07338896712367028
MSDINATRLPIVGILGLPCIGDDVNSTLTHGEDLC,1,1,1,0.9945209410050488
FNWACCLIPACRRNHKKFC,1,1,1,1.0
VQIFVRDNNVDQALKALK,0,0,0,0.014419261606143883
ECREQSQGCTNTSPPCCSGLRCSGQSQGGVCISN,1,1,1,0.8458421621287515
CFPPGVYCTRHLPCCRGRCCSGWCRPRCFPRY,1,1,1,1.0
FIFPKKNIINSLFGR,1,1,1,0.6470618651848337
RYPAVGYT,1,0,0,0.02793092529312033
MEALVYTFLLVSTLGIIFFAIFFREPPKIQTKKIK,0,0,0,0.0018387222688329619
FHTLQYKGLVNQIIDRKWVGLKINELLVVEYYS,0,0,0,0.005780436185317451
MARRGFSCLLLSTTATDLPVKRRT,0,0,0,0.005731536751747978
LGALGCVFPELLSGNGVKFGYA,0,0,0,0.03296774309723102
ACSRAGENCYKSGRCCDGLYCKAYVVTCYKP,1,1,1,1.0
ELESDSGSDKASSPAGGL,0,0,0,0.0075151380134926985
ALGGVLKALAKGLPSVISWINQK,0,1,1,0.9556520143569693
SSEAAPEEKVAILGA,0,0,0,0.00494797921164675
EQLIKKDVHKDFAGSE,1,0,0,0.006866776074365583
EQFDEEFDIT,0,0,0,0.1398673056061747
SQCCAVKKNCCHV,1,1,1,1.0
FLSLIPHAISAISAIAHHL,0,0,0,0.2067757967739368
SLWGKLKEMAAAAGKAALNAVNGLVNQ,1,1,1,0.42182586982689163
MDIVNIAWAALMVVSTSSLSPVAWGRSGL,0,0,0,0.01733419335077681
QCSPNGGSCSRHFHCCSLYCNKINTGVCIAT,1,1,1,1.0
LDCCDIHACWSAHPELCG,1,1,1,1.0
LRMKEQEVCKLQEQLETTIQKLE,0,0,0,0.062014203398510354
AYGESANVFGAP,0,0,0,0.016401924558028014
NSDTPWNRCGSQITDSYRELCPH,1,1,1,0.9127470558467913
CKQSCSFGPFTFVCDGNTK,0,0,0,0.3208378652858634
CRDKGVTTETGQFGADMQVSLVNDGPVTFNLQV,0,0,0,0.021348497859532925
MFSKLAQSSIKAMF,0,0,0,0.012634207093087506
GVCCGYKLCHYC,1,1,1,1.0
FIYHSYK,0,0,0,0.26766929481706514
MTDFPSIFVPLVGLVFPAIAMASLSLHVENNKIV,0,0,0,0.0033294967272787085
DGDMSGEGKGMWFGPRL,0,0,0,0.0020898039996033635
GCCKLFDVGFCCGK,1,1,1,1.0
SPVAASYRATAGLAGKALDF,0,0,0,0.10228218468100746
MMPTIFFAGILIVTTIVYLTIV,0,0,0,0.003615555183357229
EAVRQPGKTGEELLKILESRLDNVI,0,0,0,0.0041642754861087915
QGRCCPYGPCRLSMCDPPCCA,1,1,1,1.0
NRPTYVPPPPRPPHPRL,0,0,0,0.04790866933032857
MSDINAIRAPILMLAILPCVGDDIEVLR,1,1,1,0.8539002053480006
MPTLTSYFGFLLVALTITLVLFISLSKIRLI,0,0,0,0.00021446203409043185
VRRFPWWWPFLRR,1,1,1,0.9745208829427201
GKPCHKEGQLCDPFLQNCCLGWNCVFVCI,1,1,1,1.0
CCTAPMCRGPCQCCE,1,1,1,1.0
FMGTALKIAANVLPAAFCKIFKKC,1,1,1,0.9411003986846239
QCCRPANMSCCQ,1,1,1,1.0
RFYLKEVNISMYLVNGSVFSIANNNLSYWDAPLGS,0,0,0,0.0337178276134242
LNKRCIEQFDPCDMIRHTCCVGVCFLMA,0,1,1,1.0
YCEQVGAKTIIRGL,0,0,0,0.33127788073970166
MSDINATRLPIWGIGCNPCVGDEVTALLTRGEA,1,1,1,0.998229683174526
GLEVGKRCLEYFSE,0,1,1,0.6020540536652
IAMAISSGACCAYPPCFEAYPERCL,1,1,1,1.0
HNDGPGRDPAPCCQHPIETCC,1,1,1,1.0
IRDECCSNPACRWNNHVC,1,1,1,1.0
MIYDSQVYTVLLIALLASVLAIRLGSTLYQ,0,0,0,0.0008475892338340589
GCSARNQRCPPNAAWVWCAVVSIHPDVFDI,1,1,1,0.733784714241875
WWDGDCRTWRAPCNPGVECCTDVCRHGRCVFW,1,1,1,1.0
ECTHSGGACNSHNQCCNAFCDTATRTCV,1,1,1,1.0
FLPGILKVAANVVPGVICAITKKC,1,1,1,0.9331452875124502
MASEIFGIAAVFWVLIPVGLAGGALLLKLQGD,0,0,0,0.003994567854828467
GPGSAICNMACRLEHGHLYPFCHCR,1,1,1,0.973676351380133
FLAKKVAKTVAKQAAKQGAKYVVNKQME,1,1,1,0.9890275049745728
VEVQVRDKGKGIYGLSPLRQPAP,1,0,0,0.008065217940252367
SCLEYGHSCWGAH,0,1,1,0.9614582860572283
ACCEQSCTTCMPCC,1,1,1,1.0
GYLSSVPKSPL,0,0,0,0.1470422865131066
DAAQVPDFATAVQNLHTLSEAA,0,0,0,0.003084374746236559
FLPIIAGIAAKFLPKIFCTISKKC,1,1,1,0.602466842789668
MTDGTEYMTRSTWGKEGDT,0,0,0,0.007151127252083792
QHGKISSEQHTMFDPIEGCCQQSCTTCFPC,1,1,1,1.0
NLQILCCKHTPKCCT,1,1,1,1.0
GMASKAGSVLGKITKIALGAL,1,0,0,0.31394956597130474
SKTVHRRIPGAGVGDMVVVVVREGKPELRK,0,0,0,0.008419091829383793
TGCCWHPACGKNRC,1,1,1,1.0
QGGAGWPPIPP,1,1,1,0.9684901662283082
DCHESGDFCGIPGVKNGLCCSQSCWVVCTPEW,1,1,1,1.0
GIVCECCKNHCNIEELTEYCPPVTEGSG,1,1,1,1.0
MASEIFGIAAVFWVLIPVGLLGGVLLLKLQGD,0,0,0,0.0013093163712707685
CGGTGDSCNEPAGELCCRRLKCVNSRCCPTTDGC,1,1,1,1.0
TATEECEESCEEEEKTCCGEDGEPVCARFCL,1,1,1,1.0
SPATMGFAGVR,0,0,0,0.013266980827553555
SLGSPAVAEPAVIAE,0,0,0,0.0018983135953043297
NCCRAQICC,1,1,1,1.0
DGCCSTPPCIANHPELC,1,1,1,1.0
IYSRLTVSPTGTLNR,0,0,0,0.047506294170608504
AKNYPTVSAEYSAVEKA,0,0,0,0.034745740511686225
PGNAILQGIVVKGF,0,0,0,0.010517116292433484
CNDPGGSCTRHYHCCQLYCNKQESVCLENEPAF,1,1,1,1.0
GFGMLFKFLAKKVAKKLVSHVAQKQLE,1,1,1,0.9989806212239195
PAPESSFIRDP,0,0,0,0.007355710607555365
MADENTPVMPEEVPAVEGVGM,0,0,0,0.008157473037603271
ATKGSSDNRVLTGV,0,0,0,0.005182404961566104
LDVKKIICVACKIKPNPACKKICPK,1,1,1,0.9793837947535332
NFLGTLINLAKKIM,0,1,1,0.993703728288042
ALFEESTVSAEPR,0,0,0,0.010178274029577515
MANIKSAIKRAKTSEK,0,0,0,0.04097260231547629
QRWPSPK,1,1,1,0.8378069546598353
MNPCSSNCSCGASCTCSGCSSHKK,0,1,1,0.9766222222566294
DGCCIAKQCC,1,1,1,1.0
WDVNDCIHFCLIGVVGRSYTECHTMCT,1,1,1,0.9228764205675668
FWGAVWKILSKVLPHIPGTVKWLQEKV,1,1,1,0.991023778159489
DCGEQGQGCYTRPCCPGLECRGGGTGGGVCQQ,1,1,1,1.0
SDAGTPGVSDPGAVLV,0,0,0,0.00412635621074103
MSFTHFLALYSFLLERAWLHQQPAPMGHAREI,0,0,0,0.002165984155112413
FLPFIAGMAANFLPKIFCAISKKC,0,1,1,0.44796171529470835
NCGEQGEGCATRPCCSGLSCVGSRPGGLCQY,1,1,1,1.0
DCCGVKLEMCHPCLCDNSCKKSGK,1,1,1,1.0
QTAGLTKKDATTATDA,0,0,0,0.005578536781615424
VLSLVLVCIFFLSFLSHPDPSARKLQWPGLFPS,0,0,0,0.004234164463538351
KPTRRRSRASRRTPTTLL,0,0,0,0.3187746864337166
RHHRKRIGHTIKQLAKLVKHIHEY,0,0,0,0.2755780982755935
VCCGYPLCHPC,1,1,1,1.0
TPEHQRYVELFIVVD,1,0,0,0.3165081199754637
QWTEHIDALDQLRNSVGLRGYAQNNPIVEY,0,0,0,0.02524978823950913
KNCGYAFDACTSDRQCCSGYCVGNVYC,1,1,1,1.0
GCCFHPVCYINLLEMCRQR,1,1,1,1.0
GSVPCGESCVWIPCITSIAGCSCSNKVCYMD,1,0,0,0.37817448638949314
MLRYLSLFAVGLATGYAWGWIDGLAASLTV,0,0,0,0.0015964717318335108
ALWKDILKNVGKAAGKAVLNTVTDMVNE,0,1,1,0.5070796258910423
DAECEICKFVIQQVEAFIESNHSQAEIQKELNKL,1,0,0,0.027429388873880314
MLVFQMRNVDKTSTVLKQTKNSDYADK,0,0,0,0.002392370790781068
GMWDECCDDPPCRQNNMEHCPAS,1,1,1,1.0
LCPDYTEPCSHAHECCSWNCYNGHCTG,1,1,1,1.0
SNKKDYQKEIVDKHNALRRSVK,1,1,1,0.8464578818808117
EPSSEDPPPSRSPGPERASLC,0,1,1,0.41941735568298383
KCTSPK,1,1,1,0.9633584814987476
NYYLYPARPNSWWT,1,1,1,0.9901613327690125
MEVNILAFIATALFILVPTAFLLIIYVKTESQNKK,0,0,0,0.003324532202699121
HAARDGKEEKLIEKLEVV,0,0,0,0.005900398008047784
ILPILGNLLNGLL,1,1,1,0.7736535946549544
LEGAFVLNQSQDAE,0,0,0,0.0024656203844832724
SEESNLCDLLRDYDKPAQEVIAEMTDGGVDR,0,0,0,0.01745723362185568
GFFALIPKIISSPLFKTLLSAVGSALSSSGGQE,1,1,1,0.978214569866565
GTTVVAHKQQSVNRLLYKVTSHIPDTFFSLK,0,0,0,0.06895148643728344
ASSACPEPCAKGSTCIGKTC,1,1,1,0.8656054150234929
KILRGVSKKIMRTFLRRISKDILTGKK,1,1,1,0.9831531588461334
ALFCMDAERAHGA,0,0,0,0.03531979550609607
MNLEIIAQLTVLALIIASGPLVIALLAARKGNL,0,0,0,0.0017383552955636194
MKFLCWQKSIHGS,0,0,0,0.005625150958855828
ESCPWKPWC,1,1,1,0.9998364948154652
IMAGCCPRFYQCCYP,1,1,1,1.0
CTEFGKECNLPPECCGRMCCYNSLCMWSSKEC,1,1,1,1.0
ALRAPALLPLLLLLLPLRAAGCPAACR,0,0,0,0.35898178548749027
QVSWWCGKPEATCGKLYLKCCSGRCNKANWKCLR,1,1,1,1.0
NRLSWCIPSGDLCFPSDHIQCCNAKCAFVCL,1,1,1,1.0
GYEEDREVAETVRELEVA,1,1,1,0.5301310429033553
PAGPFRIPPRREFQ,0,0,0,0.08692136277674564
DCLPDYMLCAFNMGLCCSDKCMLVCLP,1,1,1,1.0
CKYKGAKCSRLMYDCCSGSCSGTVGRC,1,1,1,1.0
PCKTPGRKCFPHQKDCCGRACIITICP,1,1,1,1.0
SCCPREFLCCL,1,1,1,1.0
GFSSLFKAGAKYLLKQVGKAGAQQLACKAANNC,1,1,1,0.4824216491924292
DRVYIHPFHLLWG,0,0,0,0.02699387914320654
SQEDTPL,0,0,0,0.31280027115314674
FLGGLMKAFPALICAVTKKC,0,1,1,0.552010086063282
IRDECCANPACRVNNPHVC,1,1,1,1.0
QQWPPGHHIPP,1,1,1,0.9551997291893247
RICTPIPFPMCY,1,1,1,0.99331424998192
ADKKIALVGAGNIGGTLAHLIGLKLL,0,0,0,0.029931689734275076
YCCRRQICC,1,1,1,1.0
RMAGRNRTEFYKLLSRHELDANDFKE,0,0,0,0.0041486040232608405
GIKDWIKGAAKKLIKTVASHIANQ,1,1,1,0.6014961243832957
FLPLLFGALSTLLPKIF,1,1,1,0.9967536338944657
GFASFLGKALKAALKIGANMLGGAPQQ,0,0,0,0.03664887253429935
FVQWFSKFLGRIL,1,0,0,0.3235689527321739
GKIVNTQGLQGEMRVLSVTDFAEERFKKGAEL,0,0,0,0.0007081192068511191
DNKTVCCKRGTLCCFV,1,1,1,1.0
AANDKTSAWIAWAGSQSCCATPSCAKLY,1,1,1,1.0
GLVSGLLNSVTGLLGNLAGGGL,1,1,1,0.7999219047692049
IRRIGAEIVEVAAMIDLPDLGGSRKLQE,0,0,0,0.0035555912869675525
VVSKNGGHLSSNLGAVELSIAMHLV,0,0,0,0.002160877367173522
CCELPCHGCVPCCWP,1,1,1,1.0
FLPAIIGMAAKVLPAFLCKITKKC,1,1,1,0.9383531765864273
ECTRSGGACNSHTQCCDDFCDTATRTCV,1,1,1,1.0
GLPVCGETCAFGSCYTPGCSCSWPVCTRN,1,1,1,0.4533600529837305
FFPIIAGMAAKVICAITKKC,1,1,1,0.7915614995459517
VCCPHGGCHQICQCCGC,1,1,1,1.0
MAEKAGSTFSHLLVPILLLIGWIVGCIIMIYVVFS,0,0,0,0.0010535681773304105
YRRRQCPPWCSGEPCRKGTC,1,1,1,0.999457120786693
GCCSYPPCFATNPDCAGG,1,1,1,1.0
QDNPAHPILVFSKSEEEEILIPFLHVFVGELNL,0,0,0,0.006812061625142774
GLGNNAFVGVR,0,0,0,0.006945262726086572
CIGGGDPCEFHRGYTCCSEHCIIWVCA,1,1,1,1.0
KKIEEEAAAAGATAE,0,0,0,0.03056620377944406
QTLIPMPRL,0,0,0,0.30994791428460944
RLEKGRGPVATVLVQNGNLKQGDNILCG,0,0,0,0.011610954421679493
SPPSQDFMRF,0,0,0,0.003392983197545695
EEIALQVLAQELPKLGEK,0,0,0,0.05824368603748286
AACYSSDCRVKCVAMGFSSGKCINSKCKCYK,1,1,1,0.992230166272968
EGKAIGLAKPRMDST,0,0,0,0.004128583239082648
ALCGESCSLHSHCIGFCEYCSARTYTCI,1,1,1,0.9841332725285243
EDDLEDFNPTVS,0,0,0,0.003612104192180395
CRPYGYRCDGVINQCCDPYHCTPPLIGICL,1,1,1,1.0
CTPPGGYCYHPDPCCSQVCNFPRKHCL,1,1,1,1.0
MGQEQDTPWIL,0,0,0,0.015013589950292592
GFLSTVKNLATNVAGTVLDTIRCKVTGGCRP,0,1,1,0.5243495349941656
GFKNVQLSTARGF,0,0,0,0.009016961852439028
GAGTFHPATFLRALGPEPWNA,0,0,0,0.026172186444892342
DDCLGMFSSCDPNNDKCCPNRVCRVRDQWCKYKLW,1,1,1,1.0
MKTISRQAYADMFGPTTGDRLRLADTELFL,0,0,0,0.007014465486665056
TQVTVEYVNEGGAMV,0,0,0,0.0022154240398280043
SFSVNPAVEILQHRYMEKVAQNNRNFLNRV,0,0,0,0.0042782669743238735
DLGAALAHGAAD,0,0,0,0.10342576838351843
CYPEGDYCEYHDQCCKGSCCFAYCRDPC,1,1,1,1.0
ANRPVYIPPPRPPHPRL,0,0,0,0.1716465132568961
FLSIIAKVLGSLF,1,1,1,0.9473137446632007
GMASKAGSIVGKIAKIALGAL,1,0,0,0.3742106487357578
LDIILNGQGGMPGGIAK,0,0,0,0.008835690880988619
GAMGHQKRDCFDRPRKSN,0,0,0,0.054228692313126964
NYYKKLFGSGTTLVVT,0,0,0,0.010717957123046226
MSSISDTQVYIALVVALIPGLLAWRLATELYK,0,0,0,0.004142984738164439
CTYWLGPCIVDSECCSNSCEERFCGLW,1,1,1,1.0
VPAPHIMVPIYLCPILCKVGGVNTPFCNCT,1,1,1,0.41244636684062436
MADAEDIQPLVCD,0,0,0,0.031148675192580882
AGNKRPIWIMGAMVNAIKDIDFVNLGANNIEK,1,0,0,0.2016502248736726
CRTVGRPCHYSAQCCSDFCAHTISNYYYIKRCS,1,1,1,1.0
HSDAVFTDNYSRFRKQMAAKKYLNS,0,0,0,0.027972528328379303
IRRYCDPRVCDRECLEKGKYFGRCIRDICKCN,1,1,1,0.9569171674860383
AGESSNEAKGMWFGPRL,0,0,0,0.005389726846015292
PRGSPRTEYEAARR,1,0,0,0.04484078049017992
NCCRRQVCC,1,1,1,1.0
GKPCHEEGQLCDPFLQNCCLGWNCVFVCI,1,1,1,1.0
GIPCFPSSLKRLLIIVVVIVLVVVVIVGALLMGL,0,0,0,0.01628626744396303
VDEECNEYCDDRNKECCGRTNGHPRCANVCF,1,1,1,1.0
MLAIVAYIGFLALFTGIAAGLLFGLRSAKIL,0,0,0,0.0016913448768448647
RLYLTSKNKRNTPDRL,0,0,0,0.02704667088944585
ATWDYCCPPYICDTHFPSHC,1,1,1,1.0
FFHHIFRGIVHVPKTIHRLVTG,1,1,1,0.9913501121065396
CDGWSTYCEVDSECCSEQCVNSYCTLF,1,1,1,1.0
AQSVYKGKNLTQVASHTINYGHIFEEK,0,0,0,0.09192787657488449
MTITEKFYDKELKRIVEDVFRFEIEMHGYEF,0,0,0,0.020108532226719645
RCCPMPGCFAGPFCPCCPP,1,1,1,1.0
GDCLPHLKLCKENKDCCSKKCKRRGTNIEKRCR,1,1,1,1.0
GDIIEVRSRAKGQL,0,0,0,0.006437365892328124
ALSVPVFAVAPLNKK,0,0,0,0.1912625665475987
LCCPPQCGPDCASPCC,1,1,1,1.0
EADEDTALCLLESSNTYKIVTKPDFACLLRDYS,0,0,0,0.14669404724267507
LRLKSIVSYAKKVL,1,1,1,0.5829534111723684
CTPSGGACYYDYFCCSMTCNFNSKSCV,1,1,1,1.0
TAISPMATIHEDICQSAERKKTAMVILPF,0,0,0,0.08192645472203038
GCCAIHECRLQNAAYCGGIY,1,1,1,1.0
WFGHEECTYWLGPCEVDDTCCSASCESKFCGLW,1,1,1,1.0
KCCRPPCAMSCGMARCCY,1,1,1,1.0
YECCVWPHCDGGCSSCVRSCE,1,1,1,1.0
PKVSPRWPPIPP,1,1,1,0.9135602677172738
GCVANCQANQTGIDCIKYCGIGI,1,1,1,0.555441684624024
IRDECCSNPACRINNHVC,1,1,1,1.0
NVLSSVANGINRALSFFG,1,1,1,0.92020739776192
TTVYDAEGSKVDFDGSLRIIV,0,0,0,0.008134705934005507
ITPYMDRGDAQVAKLQDSFIAHVV,0,0,0,0.0789991419657365
TPIAVDVVRTPADLELSSRLLRISEAAESWIDLHR,0,0,0,0.006019805982770722
ASCRTPKDCADPCRKETGCPYGKCMNRKCKCNRC,1,1,1,0.9961493310246334
NSEDGSPYPGPGQQPNCCKWPIVTCCNR,1,1,1,1.0
QRLCCGFPKSCRSRQCKPHRCC,1,1,1,1.0
IRDECCSNPACRVNNHNC,1,1,1,1.0
RCCHPACMNHFNC,1,1,1,1.0
CCSRNCAVCIPCCPNWPA,1,1,1,1.0
GHACYRNCWREGNDEETCKKEC,1,1,1,0.9901885278693633
VVNTPGHAVSYHVY,0,0,0,0.03237997930710586
MQTLPKERRY,0,0,0,0.06615311860297012
FNWRCCLIPACARNHKKFC,1,1,1,1.0
VDEECNEICGEQGKNCCGRSNGTPRCAKVCF,1,1,1,1.0
GIPCAESCVWIPCTITALMGCSCKNNVCYNN,1,0,0,0.3925229473173021
SLLQFNKMIKFETRKNAIPFYAF,1,1,1,0.7397757045673002
RFRFRVKCSKGTY,0,1,1,0.48282827964283764
GLFDVIKKVASVIGLASQ,0,0,0,0.23878810699733977
MKAILQVINLVLISVVVIIIPPCGAALGRRKA,0,0,0,0.06209722365984821
GLLSSLGLNL,0,1,1,0.6602403392950561
QGWAWPRPQIPP,1,1,1,0.8361819925065747
ISAVKEMTVRDALNSA,0,0,0,0.0066454239411410775
DDCLGMFSSCDPKNDKCCPNRVCRSRDQWCKYKLW,1,1,1,1.0
EMILPALRQWQCCTMAWCDSGCLCCE,1,1,1,1.0
SDRIAEAVANLDVDIVVNVQGDEPFTEAGPLEQ,0,0,0,0.003038155523564184
ECLEADYYCVLPFVGNGMCCSGICVFVCIAQAY,1,1,1,1.0
GCCPFPACTHTIICRCC,1,1,1,1.0
GFIGWGNNIFGHYSGDF,1,0,0,0.05463107522517993
MKDVDQIFDALDCHILREYLILLFYD,0,0,0,0.1384654650705896
TVCNLRMCQLSCRSLGLLGKCIGVKCECVKH,1,1,1,0.9962925840510152
RCCISPACHDECICCID,1,1,1,1.0
GLADYWRTAFRANFANLGPGIRCKSARC,1,0,0,0.3530199218944581
NVIELDWWEENCVPGHDKVTFVFTPSQHWCKRT,0,0,0,0.160334879975582
GCCSHPACSVNHPRLC,1,1,1,1.0
GLFRRLRDSIRRGQQKILEKARRIGERIKDIFR,1,1,1,0.9677361362912849
IRDECCSNPACRSNNHVC,1,1,1,1.0
GGLRSLGRKILRAWKKYGPIIVPIIRIG,1,1,1,0.5312913100135281
LSFSGGMVGIWMIVVVHICRIRSFTRGMVI,0,0,0,0.016779438404740096
FLPFLKSILGKIL,1,1,1,0.9962283111439965
NNLDEIK,0,1,1,0.46930707574182323
FFGRLKAVFRGARQGWKEHRY,1,1,1,0.8005971059833508
HECCKKGFCDPGCDCCDQ,1,1,1,1.0
CRSKGAKCSKLMYDCCSGSCSGTVGRC,1,1,1,1.0
MERQNVQQQRGKDQRPQRPGASNPRRPNQR,0,0,0,0.020157270901319344
FLPFLAGLFGKIF,1,1,1,0.9858715674639648
MMVHLTLKSHLIKEELLWHALSPSYSCRYHGR,0,0,0,0.004768812118420194
ECCTHPACHVSHPELC,1,1,1,1.0
GIGAILKVLSTGLPALISWIKRKRQE,1,1,1,0.9890890323706043
PGTILEANKQGIQVATGDGILNLLSLQPAGKKA,0,0,0,0.004040773007311331
NGCCRAGDCCSRFEIKENDF,1,1,1,1.0
MLDQNITQLAYLER,0,0,0,0.010370689865598621
CANSCSYGPLTWSCDGNTK,0,1,1,0.6265899892911455
GNNVDAARK,0,1,1,0.5575620836764392
SGCCVIDSNCC,1,1,1,1.0
GLPCGESCVYIPCISTVLGCSCSNKVCYRN,1,0,0,0.2205875085063962
RDCCKGNPGCCGWD,1,1,1,1.0
VHRSSKNIYVQVIDDVRGVTIAAAST,0,0,0,0.0030796955448948254
AGVPFNTKTPYGPT,0,0,0,0.0074945403893497695
PRRRTRRASRPVRRRRPRRVSRRRRARRRR,0,0,0,0.004160040166169478
MNLEIITQLVVLTLVAASGPLVIALLAIRKGNL,0,0,0,0.001414467830004536
GCREGGEFCGTLYEERCCSGWCFFVCV,1,1,1,1.0
GSPLTYPCHSAQCEQPCKDANMRFGCMN,1,1,1,0.7863728227839355
GLDGLAIMSVILIS,0,0,0,0.2649006563032319
QFGRKISMLLGGVLFCAGALLNGFAT,0,0,0,0.19790484065066782
CYDGGTGCDSGNQCCSGWCIFVCL,1,1,1,1.0
INLKAIAALARNY,1,0,0,0.21181355396074386
GEEEYQKMLENLREAEV,1,1,1,0.9726661657355562
FLAGLIGGLAKML,1,1,1,0.7752657674579551
EQSAGFREYIDFFDGYSLTY,0,0,0,0.020251143933448512
FVVFDTFAAQALWVEVK,0,0,0,0.005752916108178754
MSDINATRLPIILAPIIPCINDDVNSTLTSGER,1,1,1,0.8781375718847579
FSKNIQTRLPNFTLYSEV,0,0,0,0.09250345091796583
TIVIIGGGPGGYEAA,0,0,0,0.008292033603061293
FLPAIAGMAAKFLPKIFCAISKKC,0,0,0,0.2054000742994184
IKMISDYKPDIDLA,0,0,0,0.06510660418438313
CLSPGSSCSPTSYNCCRSCNPYSRKCR,1,1,1,1.0
TVQIVTPDGLVYDHHASY,0,0,0,0.02139649679277017
EQSPHRPFCSKKCQMIDFGEWADEENA,0,0,0,0.07215146538984978
GEPIDGKGDIKSSN,0,0,0,0.040848835364947406
DKAEGAKAETGDRVTVSFKGTIDGV,0,0,0,0.0009114552097770809
MTLASSRDFAKKTPKRLAKLRDCCPRSILCCEFS,1,1,1,0.8241990491905429
MAIIIGLEFAQLPMSFGAKYE,0,0,0,0.04599501978418662
MLGFLVLP,1,0,0,0.2371556489878307
LSAGPNGGSIAKLSVK,0,0,0,0.008852206481319347
HSGILLAWSGPRNRFVRI,1,0,0,0.007919856522841022
LEQILANHGIPLQMKTDK,0,0,0,0.008401521177097755
CCDDSECSTSCWPCCY,1,1,1,1.0
MHLSTLPNVPWPNRSFTTKRPPLPNMSFSW,0,0,0,0.046162093337052214
GVCCGYKLCHEC,1,1,1,1.0
PHAYPFLSPEQKKEL,0,0,0,0.03288693809200684
FFPIVGKLLFGLSGLL,1,1,1,0.968790764050691
ECLGFGKGCNPSNDQCCKSANLVCSRKHRWCKYEI,1,1,1,1.0
LRPAILVRIK,1,1,1,0.7269820998661649
YNFNVYTSCTARRK,0,0,0,0.11752579717381935
DSELYGNYKPSSSNNFINNHHNN,0,0,0,0.2895075327256751
SVYYGSIEAGGTKFVLAIADEHFNI,0,0,0,0.004138830713563928
IDTCRLPSDRGRCKASFERWYFNGRTCAKFIYG,1,1,1,0.9156752964984868
EPVKKKDLKKATVPL,0,0,0,0.07457056719958503
LMSQAMRKITGNIGKSGC,0,0,0,0.02604957408131801
GRSKAGQNIIIVGGGAVGVETALL,0,0,0,0.0031999087726924005
MLLVSRNICRIKGNTIDWRNLKKDLSMTWIILK,0,0,0,0.011550174996879792
GLFDIIKKVASVVGLASQ,0,0,0,0.11931997721815463
RDCQEKWAYCIVPILGFVYCCPGLICGPFVCV,1,1,1,1.0
GIPCGESCVWIPCITSAIGCSCKSKVCYRN,1,1,1,0.4439570669134327
CCEADCPMCQDMLCC,1,1,1,1.0
CKSTGASCRRTSYDCCTGSCDRGRC,1,1,1,1.0
TVKVTVTGAAGQIGYALLFR,0,0,0,0.001629390672467854
VSQFMVELQGLKTGDGEYP,0,0,0,0.008103795474182553
GLLDTPKNLALNAAKSAGVSVLNSLSCKLSKTC,0,1,1,0.8368650050469393
GAWKNFWSSLRKGFYDGEAGRAIRR,1,0,0,0.07543885104904617
GVHGTIVGVDFDLCIAD,0,0,0,0.00878527271339408
CLAKGDFCNLITQDCCDGICFIFCP,1,1,1,1.0
VSCTGSKDCYAPCRKQTGCPNAKCINKSCKCYAC,1,1,1,0.9930548386902917
FISGLIGGLMKAL,1,1,1,0.9496343497497519
DDAVADGEHAISGVVDS,0,0,0,0.0016250175191285042
GLLAFPRV,0,0,0,0.06726204310370773
VEQFHFSEVTEGHQDKI,0,0,0,0.005976155655588652
TPDHREVPSFSSRWEPNFGLTFSK,0,0,0,0.049538065445759775
IQQECTQPITLYSELNLFSKA,0,0,0,0.06027672285303699
CPRILMKCKLDTDCFPTCTCRPSGFCG,0,1,1,0.562239466816078
LTVASLEYIWAFSNFF,0,0,0,0.03002968924653864
NCCNGGCSSAWCRDHARCC,1,1,1,1.0
ARYLDLFSTYISLYNTTMKITFLAATYA,0,0,0,0.011843785601258629
GIRGNCCMFHTCPIDYSRFNCP,1,1,1,1.0
GLLDSIKGMAISAGKGALQNLLKVASCKLDKTC,1,1,1,0.5182799979667608
FLSHIAGFLSNLF,1,1,1,0.4072862189642116
AEPNVTVTGAAGQIGYALLFRI,0,0,0,0.000726421085490013
TCSNKGQLCGDDSDCCWHLCCVDNKCAHLILLCNL,1,1,1,1.0
MEALVYTFLLVSTLGIIFFAIFFREPPRISTKKMK,0,0,0,0.0008426042521643487
FNWRCCAIPACRRNHKKFC,1,1,1,1.0
MMKLLIIVVLLVISFPAY,1,1,1,0.5511873417028917
RDCATGCEGCNNPAKCCCGTQVCVNGNTCQ,1,1,1,1.0
NRLSRCIPSGDLCFPSDHIQCCNAECAFVCL,1,1,1,1.0
ERAEDSGNESEGDHEELSALVDMGHDALWDVDDL,0,0,0,0.0007095144413610393
VNCCPIDESCCS,1,1,1,1.0
AMASSLLSGWGGPTTLLVAPM,0,0,0,0.0030548382309533778
APRSMRRSSDCFGSRIDRIGAQSGMGCGRF,0,1,1,0.6955149414993627
MLYPLSYMLLWTDSIVEQYKKFYLFRFDL,0,0,0,0.0033511380825382935
MDSAISSPEIFIALVVAAHAAILALRLSVSLYRA,0,0,0,0.00037738666183460536
RICCPWFALCCYY,1,1,1,1.0
GCCSHPACSVNHAELC,1,1,1,1.0
FGTYGHPRPRFYYNP,0,0,0,0.04501086956431021
GILGKLWEGFKSIV,1,1,1,0.8877100696206764
CCHPSCGRKYNC,1,1,1,1.0
IRDECCSNPACRVNNPHVC,1,1,1,1.0
MCERFIYGWCGGNRNNFHSLQECLGQCLP,1,1,1,0.7691358212420212
AFCKYNGEQCTSDGQCCNGRCRTAFMGKICMG,1,1,1,1.0
NLLQFAFMIRQANKRRRPVIPYEEYGLYYM,1,0,0,0.3725492572828008
KPCCSIHDSSCCGI,1,1,1,1.0
QSISCAESCVWIPCATSLIGCSCVNSRCIYSK,0,0,0,0.3794261425568253
YYEEYVDGQGMVVR,0,0,0,0.36221933183375965
DGCSNAGGFCGIHPGLCCSEICLVWCT,1,1,1,1.0
GIGASILSAGKSALKGLAKGLAEHFAN,1,1,1,0.8024461456268278
SHPRKYGQGSRSCRSCANKHGIIRKYG,0,0,0,0.28568723748963937
EACYAPGTFCGIKPGLCCSEFCLPGVCFG,1,1,1,0.8769576126492574
QCCANPPCKHVNC,1,1,1,1.0
LSGKPAKHLSVGEQAIAMT,0,0,0,0.16153702389807617
MSILPLVHAMANVRGDIEYLTEA,0,0,0,0.11936800784784758
VGKGRHEISDVPKLLESKNRKNVPF,0,0,0,0.008839969749918965
DQDEGVSTEPTQVGPAELHNDETCVGPLVYRN,0,0,0,0.2278698022395568
MNYLVFFSLALLVMTGRTVTREKRKDMMDL,1,0,0,0.009490671714008135
MAFSELNIDILTRSKARGG,0,0,0,0.010823960483694836
FHGGSWYRFPWGY,1,1,1,0.5723121635201807
GCCHIIACRMGCSPCCW,1,1,1,1.0
DCCPVAGMPLWMQPLLWMTSFVIGTSSSNE,1,1,1,0.6308154559119505
GPVVLERIAPAIAKGL,0,0,0,0.008906917253292198
FFPLVLGALGSILPKVFGK,1,1,1,0.962346227665405
NCCIYENWCCEWI,1,1,1,1.0
MTPTLTPPPETVAPPAADERCDRCNAAGKLRI,0,0,0,0.0992190015844345
ITCCTRGTCAQHC,1,1,1,1.0
ECTRSGGACNSHDQCCNAFCDTATRTCV,1,1,1,1.0
LEANIEELLKKAEEQQKKNEEELKKLE,1,1,1,0.8984344172113563
AAKIKKGDNVVVLTG,0,0,0,0.0015847396825205435
GVVEHCCHRPCSNAEFKKFCG,1,1,1,1.0
KDANGKQMTREDAFKKIHQQRDEFNKQNDSEA,0,0,0,0.27993244905168835
PQRGEGGRAGNLLREEQEI,0,0,0,0.0017759202194987638
KGKGFWSWASKATSWLTGPQQPGSPLLKKHR,0,0,0,0.33167588937920217
VPSSFRTTITDAQLRG,0,0,0,0.013278572123445496
RCVCRRGVC,0,1,1,0.99744792757717
ECDNPACGQHTSK,1,1,1,0.9967587356144918
KRKCGLCKYRCCSGG,1,1,1,1.0
DTLYSVCKHRGFYRPSEGIVDQCCTNICSRNQLLT,0,1,1,0.8494428671621564
DCRALGEYCGLPYVHNSRCCSQLCGFICVPESP,1,1,1,1.0
ILGPVLGLVGNALGGLIKNE,0,1,1,0.44674085508599126
HGATVLTALGGILKKKGHHEAEIKPLAQSHAT,0,0,0,0.008646887939149582
KAKFKAD,1,0,0,0.3451218794173886
FFKA,0,1,1,0.4576490434635112
NTEEGCLPPLSLCTMADDECCHDCILFLCLVSP,1,1,1,1.0
NLYQFKNMIKCTNTRMWWSFTNAGCYDG,1,1,1,0.8231909553009149
STDTQYFGPGTRLTVL,0,0,0,0.0006036165591714174
MKKAERGASPKQIKPHRYYLLAVH,0,0,0,0.010057968367900825
METNDLGFVASLLFILVPAIFLIVLYIGTNRSES,0,0,0,0.0018123341386987904
MVTMVKKWLLLMTFMAGCRGMIY,0,0,0,0.06270280923723276
GLWDDLKAAAKKVVSSLASAAIEKL,0,0,0,0.28913103846476784
GVFKDALKQFGAALLDKAANALKPK,1,1,1,0.9779542851157832
VATSRPQDNKSFSSNNTTTNTSSNNVDILKRISNL,0,0,0,0.008530123560335558
GCCSPWNCIQLRACPCCPN,1,1,1,1.0
SKCFSPGTFCGIKPGLCCSVRCFSLFCISFE,1,1,1,1.0
VELQNRLSDESQ,0,0,0,0.01387487092010287
GSKKPVPIIYCNRRTGKCQRM,1,1,1,0.7203835290197986
TYREKYEPRMGDELREMY,0,0,0,0.021678118282087405
NALSSPRNKCDRASSCFG,1,1,1,0.647670418945795
MSDINTARLPLSSPMLLPCVGDDILMV,1,1,1,0.40250952156272685
DPAFRLPTTTRPRHYQAAIPDFSAGA,1,0,0,0.06405911850191913
LVTLVFV,0,0,0,0.07815994265734626
DWEYHAHPKPNSFWTLV,1,1,1,0.6988352291061469
ALWKNMLSGIGKLAGQAALGAVKTLV,0,0,0,0.09621235721227697
GIMSIVKDVAKNAAKEAAKGALSTLSCKLAKTC,1,0,0,0.2203744192582736
GVITDTLKGVAKTVAAELLRKAHCKLTNSC,1,1,1,0.965966488807542
LGTGLGVDQN,0,0,0,0.1369003838373711
PVAPEYLFKKEEDKGANKEEEEVAPELGIRA,0,0,0,0.012238225528285436
TPPEITQELCEYLLSYSWPGNIRELKT,0,0,0,0.030170790176748053
LNLKGIFKKVASLLT,1,1,1,0.9803344994062209
DCVKAGTACGFPKPEPACCSSWCIFVCT,1,1,1,1.0
MESIRWLLTVAQFDFDMKLVQSAIVNYVANK,0,0,0,0.0033143504299218514
SPCTCSTCNCAGACNSCSCTSCSH,0,1,1,0.9000577260216476
CRIPNQKCFQHLDDCCSRKCNRFNKCV,1,1,1,1.0
IEYPISDDEYLEHIKSEICVVKALGKKKLILA,0,0,0,0.21251456047580367
GLLSGILGAGKNIVCGLSGLC,1,1,1,0.9747920948660413
MDIVGIAWAALMVVFTFSLSLVVWGRSGL,0,0,0,0.0005185295035108759
ASRACNPPCTGLSMCQAGRCGYIRF,1,1,1,0.8891831033954843
FLPMLAGLAASMVPKFVCLITKKC,0,1,1,0.6972299461096285
SHYAEGPGKN,0,0,0,0.04260287176560937
MEVNILAFIATALFILIPTAFSLILYVQTASQNN,0,0,0,0.0030836174174565033
CIPKWNRCGPKMDGVPCCEPYTCTSDYYGNCS,0,1,1,1.0
SRSCSGRDSRCPPVCCMGLMCSRGKCVSIYGEK,1,1,1,1.0
CQPNGYYCDFEFTPKCCLKCDYNRKYCQPY,1,1,1,1.0
IILELAAVDSASGKLLINGNFK,0,0,0,0.02055521087743658
ATGHYVRRADVD,0,0,0,0.05969852622232945
PCLQVGRTGMKSHLP,0,0,0,0.08692868161460685
EAQRIAARIDTVLDIL,0,0,0,0.008134964983129343
GCWDSWC,1,1,1,0.9996488423582843
ECPPRCPTSHCNAGTC,1,1,1,0.998784648288515
MMLFITVYDINRKQKKRYGLHG,0,0,0,0.01754248070002501
GLKDWVKIAGGWLKKKGPGILKAAMAAATQ,1,1,1,0.9865927654381854
GFDIPEPYVWDESFRVFYDLLDDEHKGLFQG,0,0,0,0.010096994330476247
QCGADGQFCFLPGLGLNCCSGLCLLVCLPS,1,1,1,1.0
GIGAVLKVLTTGLPALISWIKRKRQQ,1,1,1,0.9703141276419113
LNDLVPQYWTECCGRIGPHCSRCICPEVVCPKN,1,1,1,1.0
AAILQDEYLSGGVVPYVFG,0,0,0,0.008536981002118381
HLKQKHVLCAYCYEKVCKETAEIRRQIGKQEGG,0,0,0,0.25800353610325744
RVCFAIPLPICH,1,1,1,0.9802603266155767
CKAAGKPCSRIAYNCCTGSCRSGKC,1,1,1,1.0
NGRCCHPACGKNYSC,1,1,1,1.0
AATAATAATAATAATAATAATAATAATAATA,0,0,0,0.001761466482444441
MYDPPFLEALMITASFFAIFIIIVVSVLLLEGD,0,0,0,0.0037703640191987693
PKPKKKQRWTPLEISLEVLVLVLVI,0,0,0,0.11564243224086747
TFINVKCTSPKQCLPACKEKFGAAGKCMNGKCK,1,1,1,0.9930992699030806
QGCCPPGVCQMAACNPPPCCP,1,1,1,1.0
AGFVQQFNSSFFPFGT,0,0,0,0.0090427417407583
QLHPQDLPHLMTDLSKKKGPWQEEDAAYGWMDF,0,0,0,0.0030245520080652995
RSCCPQEFLCCLYLV,1,1,1,1.0
MLFTLAWASLAAVFSFSIAMVVWGRNGDGTLNF,0,0,0,0.0008394098793710786
AIPCGESCVWIPCISTVIGCSCSNKVCYR,1,0,0,0.3899275732213728
GFLDIIKDTGKEFAVKILNNLKCKLAGGCPP,1,1,1,0.7985423439288684
FLGGLIKIVPAMICAVTKKC,1,1,1,0.8680063621261369
INLKAVAALAKKLL,1,1,1,0.9941851424110681
FPIDDDDKIVGGYTNR,0,0,0,0.10524562745160321
PGATLQALLVAVAPPPPLGVPKPPG,0,0,0,0.02116315184263718
AAKFKAPALMKRTVREACCSDPRCSGQHQEKCG,1,1,1,1.0
DCGRCPLGQYCDAEAGMCKPTLIM,1,1,1,0.6647914014963737
KCCMRPICMCPCCIGAG,1,1,1,1.0
GCCGSFACRFGCVPCCV,1,1,1,1.0
SNAVAVLNEM,0,0,0,0.05798120153920231
FIGPVLKIAAGILPTAICKIFKKC,1,1,1,0.9491965638045358
IFFNQGEACTAASRLIVHESVADEVLG,0,0,0,0.019650234938792515
GLLDTLKGAAKNVVGSLASKVMEKL,1,1,1,0.6277507198661989
FNKNIGITVEGTEVTVTRPNDSKEMKTI,0,0,0,0.006570051193049161
EPIDLLGKVFVFSKESNVDDVKLLTPQTE,0,0,0,0.004287793061785201
FFSMIPKIAGGIASLVKNL,1,1,1,0.9941125535576463
GLLSAVKGVLKGAGKNVAGSLMDKLKCKLFGGC,0,1,1,0.6277657858688399
CCIGPECPEECYCCV,1,1,1,1.0
HGVTGAIVAAVELVTLIHHHLQYIIN,0,0,0,0.10221154404402072
AFCNLRLCQLSCRSLGLLGKCIGDKCECVKH,1,1,1,0.9948492215505045
ECGQAWC,1,1,1,0.9976287075939585
NCCRRQI,1,1,1,1.0
LCPPICNGCPGCY,1,1,1,0.9979508146032003
YYEIPVIIVATKA,0,0,0,0.21220986074245624
DYCCHRGPCMVWC,1,1,1,1.0
SPLEQFSILMLIPM,0,0,0,0.1333496633407556
LGSEVYITPNINSTRSGADQIS,0,0,0,0.012436908257522073
GRDLSGLDAVVVGRSNI,0,0,0,0.004730101655693269
TCLKNVFSVLLIF,0,0,0,0.08392019559243546
LADDMPATMADQEVYRPEPEQIDSRNKYFSPRL,0,0,0,0.006085575391721821
SVAVAGAVIEGASLTFNVLQ,1,1,1,0.89654912805239
FLSLIPHAINAISAIANHF,0,0,0,0.26572102090038846
MTIKGCCSYPPCFATNPDCGRRR,1,1,1,1.0
AANDKASAWTTRTIKQSCCVTPSCTRLYKKVY,1,1,1,0.9688904287764913
FVILDLKPKWMKCRRT,0,1,1,0.4765222936788659
ETLIIKCRRALKQTGLKRLVIAGGVSANQALRSAL,0,0,0,0.002698358192106441
DECYPPGTFCGIKPGLCCSERCFPFVCLSLEF,1,1,1,1.0
QGGGPQWAVGHFM,0,0,0,0.0010238858593519975
PGVLDIPVKSNSDDDSIFRY,1,0,0,0.03707685764834801
SDCACLHALGHVAR,0,1,1,0.9042939786251328
AAKIILNPKFRCKAAFC,1,1,1,0.7464313353040513
CCHPACGQNYSC,1,1,1,1.0
SFDSSVLTK,0,0,0,0.018149378382190995
VVIGQACYRSPDCYSACKKLVGKATGKCTNGRCDC,1,1,1,0.9811521561836093
CCSRDCRVCIPCCPN,1,1,1,1.0
NGLCCSQYGFCGTTSAYCSRANGCQSNC,0,1,1,0.6835014752058783
AYTGQTGAPWGLA,0,0,0,0.03088969029095428
MNSNLTALRTVQASRPFLSNKKRMALFVQEKLA,0,0,0,0.004661205903385466
GTCSGRGQECKHDSDCCGHLCCAGITCQFTYIPCK,1,1,1,1.0
FFPIIAGMAAKLIPSLFCKITKKC,1,1,1,0.9641235602897187
QVKPCRKEHQLCDLIFQNCCRGWYCVVLSCT,1,1,1,1.0
SALAINQPNYSVLKELGLNED,0,0,0,0.009617663113595609
GCFPSGSFCGLPKLAMQCCSGVCAFVCV,1,1,1,1.0
MNIPPGD,0,0,0,0.06620572867046552
RLRSKGKK,1,1,1,0.6140649339194895
KTCENLADDY,0,1,1,0.8658744244277038
GLPICGETCFTGKCYTPGCTCSYPICKKN,0,0,0,0.36506442710568004
IGAGATSKLVY,0,0,0,0.03344757090908096
NCFPNGKFCGFPKVGKPCCSGVCLFACT,1,1,1,1.0
MKAIMLVNFCDERGSGR,0,0,0,0.007162491866060626
MIVKRDKSIVICGSYE,0,0,0,0.3964880428996509
IKIPPIVKDTLKKVAKGVLSTVADALSKS,1,1,1,0.9597511614862662
DECCAIPLCAKIFPGRCP,1,1,1,1.0
CYIRDCPE,1,1,1,0.9600619506165381
GNAPAADMVLKAPGDAKMTKTAVP,0,0,0,0.0531660637258796
ECLGFGKGCNPSNDQCCKSSNLVCSRKHRWCKYEI,1,1,1,1.0
RGVMSRLQALYLQEQGFNNVK,0,0,0,0.02639593147598972
RIQYTPMLQPITIEGE,0,0,0,0.0923238002119501
GFGMLFKFL,1,1,1,0.6788690784779857
IINWCCLIFYQCC,1,1,1,1.0
CKSKGAKCDRLMYDCCSGSCSGTVGRC,1,1,1,1.0
MDYETDTDTELVTETLVEEVSIDGMCGVY,0,0,0,0.009231211785381423
MAAAALRQIWARKFLPVPWLLCGPRRYASSS,0,0,0,0.0725005885549166
QCCRNPKCSQQGCP,1,1,1,1.0
ARCEQCPSYCCQSDSPPECDGCE,1,1,1,1.0
FEGRGGFGGRGGGDRGGRGGGFGGG,0,0,0,0.07027034617269834
FLSLIPHIVSGVASLAKHF,1,1,1,0.9897605890949895
MGITSTQIYIALLTALIPAFFALKLGRELNK,0,0,0,0.007939939206239555
GKLIKKFGRKAISYAVKKARGKH,1,1,1,0.9952939763719297
KSAAEVQNTQQAIIPAQEKANLGNQNIMA,0,0,0,0.002621197855765195
MSKNTKSKNNGIRKYNAKTEVKLVYFK,0,0,0,0.011579886154689972
GLPVCGETCVGGTCNTPGCTCSWPVCTRN,1,0,0,0.277819599440413
GFTPFRIY,1,1,1,0.6492110659907344
GSPIQCAETCFIGKCYTEELGCTCTAFLCMKN,0,0,0,0.26600567460595165
EILNIIDSISDVAKQICCQITVDCCVLDEE,1,1,1,0.9854174496798288
SECRWFMGGCDSTLDCCKHLSCKMGLYYCAWDGTF,1,1,1,1.0
MRAKWRKKRVRRLKRKRRKVRARSK,0,0,0,0.007626219266918697
RDIAEKALDIAGDICIYT,0,0,0,0.0033949614726483624
QNCCNVPGCWAKYKHLC,1,1,1,1.0
MVTIFSYIALLLSALVITLTCYIGLLKIKLI,0,0,0,0.0005975155562886399
KDGYLVGNDGCKYSCNTYPK,1,1,1,0.9622234078294682
GIGTKFLGGVKTALKGALKELAFTYVN,1,1,1,0.9871801186484507
ADGSDPAGGEFLAEGGGVR,0,0,0,0.0013416345805257334
GIFALAKSVCCTAAKLSFCC,1,1,1,1.0
ECCTHPACHVSNPELC,1,1,1,1.0
KGIIVTFFCITGLLVTRWIS,0,0,0,0.14482283956607703
NVVFLNPPQW,0,0,0,0.14028292013810956
APVPGLSPFRVV,1,0,0,0.08859308398813229
GCCSHPACYVNHPELC,1,1,1,1.0
LSQEELDGIVKRTRGGG,0,0,0,0.005029487666879419
KKPVRVAVTGAAGQIG,0,0,0,0.04547927591493095
MDIITFGWVAVAAFFALSIAFVVWGRNGM,0,0,0,0.016865429366330023
MNKKSIRNVNLKGKRVFDRV,0,0,0,0.013710457675647434
PVGTDQKPMIEQTREIVRSFNNAYNCD,0,0,0,0.0984656934400698
DLVFYCPKCTAERQTACPKL,0,1,1,0.6589541895236708
MEVNIFGLTATALFIIIPTSFLLILYVKTASNQSV,0,0,0,0.0007827634704025963
EGDVIATGINGFGRIG,0,0,0,0.0029154724173589804
KFSRLVGENGEVVLADINDSMLKMGREKLRDHGIV,0,0,0,0.008864440778674598
NSNRHKIRHTENKHFRCKE,0,0,0,0.020059024756608576
DDLFNINAGIVKLFGVTTLDVVR,0,0,0,0.03302156863267985
IVGGTAVTPGEFPYQLSFQDSIEGVESHFCGG,0,0,0,0.0050796343902253255
CKGYHAECERDSECCSGDCHCLNAADCAGFTHKC,1,1,1,1.0
PAASESGFRRDP,0,0,0,0.08586018009861615
GVVEHCCKRACSNAEFMQFC,1,1,1,1.0
APLSGFYGVR,0,0,0,0.02611668105086025
DDASDRAKKFYGLM,0,0,0,0.04534591174498097
RTGEDFLEECMGGCAFDFCCK,1,1,1,1.0
IVSYPDDAGEHAHKMG,0,0,0,0.2260006273589777
VDKPDYRPRPWPRNMI,0,1,1,0.4808987784455424
NILSSIVNGINRALSFFG,1,1,1,0.9810914533813614
YIYTQ,0,0,0,0.19436012342744388
CAYGTPCSDCTSAGKVCSVKSGGKGSCGTCVPGA,1,1,1,0.6956979726512942
HSPGGA,0,0,0,0.277701577767236
NCCNGGCSSKWCADHARCC,1,1,1,1.0
FLPILGKILGGLL,0,1,1,0.9885752336784541
MCMPCFTTDPNMANKCRDCCGGGKKCFGPQCLCNR,1,1,1,1.0
CENTISGCSRADCLLTHRKQGCQKTCGLC,1,1,1,0.973437629897096
QMHNNGSNNPNNNKNGSTDSLIGQAILQQ,0,0,0,0.010919405745368907
LALERRSGWLRLFGLKPRRKH,1,1,1,0.8728395888280794
GEEEVAKMAAELARENIAKGCKVNCYP,1,1,1,0.7143057927311894
FTLTNSDVLE,0,0,0,0.01466089576721497
ATCYCRTGRCATRESLSGVCEISGRLYRLCCR,1,1,1,1.0
GRPPGFSPFRID,1,1,1,0.9623339543509025
DMDDFGLGDFDDGR,0,0,0,0.07346090893415456
TIINVK,1,0,0,0.23700859660572982
DCQEKWDYCPVPFLGSRYCCDGFICPSFFCA,1,1,1,1.0
FLPIITNLLGKLL,1,1,1,0.9918750184090831
FARQWFVVGELLQHLPPED,0,0,0,0.004166980343160911
RICCYPNVWCCD,1,1,1,1.0
FEDAKKVRFFKSNSETIK,0,0,0,0.04962889321602422
DTHKSEIAHR,0,1,1,0.47755898976527095
TNSACCLLNSMTVFIE,1,1,1,0.9941392127130955
GLFSVVKGVLKGVGKNVSGSLLDQLKCKISGGC,1,1,1,0.9362481812918648
FCCFPEHWCCEW,1,1,1,1.0
LRDYANRVINGGPVEAAGPPA,1,0,0,0.003300745835356532
KVHGSLARAGK,0,0,0,0.3618254546719079
CTSPGGACYSASTCCSKACNLTTKRCVLS,1,1,1,1.0
AYPGNGVHCGKYSCTVDKQTAIGNIGNNAA,0,0,0,0.14019369321043212
IDAFQDTLYTHTLRTYLGRPWK,0,0,0,0.034853418842348084
GWCGDPGATCGKLRLYCCSGFCDCYTKACKDKSSA,1,1,1,1.0
GEVEQEEEDPYANMTEAEIRRARTDRMI,0,0,0,0.03596265007882574
GRGRCCHPACGPNYSC,1,1,1,1.0
SERREQDAIDLEVRVVCSSGTYIRSLA,0,0,0,0.018631060931524807
KDALEHTGFAPK,0,0,0,0.2173882773853103
GPGYHSDSTRTYSIGEPDSDVAQSYSML,0,0,0,0.09928815525317546
ALWKDVLKKIGTVALHAGKAALGAVADTISE,0,1,1,0.8827711806606076
AYSYVSEYKRLPVYNFGL,0,0,0,0.06429507376551113
TEEGEFLHEGGGVR,0,0,0,0.0006397625958499743
HIISRYEEDYANGTYMNSLYDKPLPEN,0,0,0,0.026104837842859278
GLPCGESCVYIPCISTVLGCSCSNKVCYRD,1,0,0,0.23654643392143235
MKIFLYLLRKKIAEVWIFQNPANFLSL,0,0,0,0.0015859779522422019
NNRSPQLRLRF,0,0,0,0.005152717834589767
PGCCNNPACGKNRC,1,1,1,1.0
RSDKPLRIGGIGTVPVGR,0,0,0,0.0050203080535819716
VLPIIGNLLNSLL,0,1,1,0.9221309102323474
TVCNLRRCQLSCRSLGLLGKCIGVKCECVKH,1,1,1,0.9954565694444574
DCVAGGHFCGFPKIGGPCCSGWCFFVCA,1,1,1,1.0
NEEVKVQIIHQGVGQITE,0,0,0,0.0025926617076186026
CCRWPCPDSCHGSCCY,1,1,1,1.0
RDCQKKWKYCIVPILGFVYCCPGLICGPFVCV,1,1,1,1.0
ADVPGNYPLNSYGASYYCTI,1,0,0,0.1998741231230908
CEACGERFSTLETIELKLPTVVKSDGGR,0,0,0,0.04814627444596466
CCPVCISSCSGRCC,1,1,1,1.0
LNLVDQLGEADEELAGTYAELGDWCAQRILQHVQR,0,0,0,0.003162586675624212
SGCCSNPACDVNNPNIC,1,1,1,1.0
PRRAPFDLFENRKKKNN,0,0,0,0.027532289896152487
GHAKKDKKIQKK,0,0,0,0.2618471412154479
AEVQDKGEFLAEGGGVR,0,0,0,0.0005769178701358937
NVDFNSESTRRKKKQKEIVDLHNSLRRRVSPTA,1,1,1,0.6283906155467889
CKRKGSSCRRTSYDCCTGSCRNGKC,1,1,1,1.0
IIGAPCRRCYHSDGKGGCVRDWSCGQQ,1,1,1,0.9668709632524183
VCCPFGECKSLCYCCGA,1,1,1,1.0
FLSLIPAAISAVSALANHF,1,1,1,0.5151847537234093
QKECTGPQHCTNFCRKNKCTHGKCMNRKCKCFNCK,1,1,1,0.9970891848002368
MIERELGNWKDFIEVMLRK,0,0,0,0.0325536486919308
LYRKRLKIVRGEGIYVWDSEGKRYLD,0,0,0,0.02134855135606835
ELVSNASDALDKLR,0,0,0,0.015643485824914066
GLRDFNVAVRASNGKYWTRRPESGTLV,1,0,0,0.06229785024295025
GCCSHPACSVDHPELC,1,1,1,1.0
NLLQFNKMIKIMTKKNAIPFYSS,1,1,1,0.8979124334270796
TPFRYCNPRNCAKECQGRGKETTYCDEVCKCSGW,1,1,1,0.9881378427803512
LKCYSSRTETMTCPEGKDKCEKYAV,1,1,1,0.8849046436381398
MPTKRFDKKHWKMVVVLLAICGAMLLLRWAAMIWG,0,0,0,0.13996954527835104
SIFVLPDLPYAKDALPKISAKTFDFGK,1,0,0,0.2538638214368701
ERVCCGYPMSCKSRACKPSYCC,1,1,1,1.0
CLAGSAPCEFHKRSTCCSGHCIIWWCA,1,1,1,1.0
MEVNILAFIATALFILVPTAFLLIIYVKTASQND,0,0,0,0.001232702685810517
PVVDTTGNNPLQQQEEYYV,0,0,0,0.04791730208875114
MQPGTGLSFDISQILKQGSDPKQKLPERQAIVL,0,0,0,0.0008998785083828443
AGGKSTCCPCAMCKYTAGCPWGQCAHHCGCSE,1,1,1,1.0
NYDKNFYEDTLP,0,0,0,0.27405250402442266
RDCCTNLLPCCY,1,1,1,1.0
EDGQKIPKLEHRNSTQ,0,0,0,0.014847692739775833
KKDGYLVNKYTGCKVNCYKLGENKFCNRE,1,1,1,0.7597239398826402
MDILSISWAFLMVVFTFSLSLVVWGRSGL,0,0,0,0.00042501119782298167
TLTSFGEWR,1,0,0,0.05021760069555156
MDIITLGWVGVLSVFTLSIAFVVWGRHGM,0,0,0,0.011358158020166981
KIIGIDLGTTNSVAVMESN,0,0,0,0.03055579519653922
SVIELGKMILQETGKNPVTHYGA,1,1,1,0.7227907233383366
AAKVKYSNTPEECCSNPPCFATHSEICGGRR,1,1,1,1.0
QSAPGNEAIPP,1,0,0,0.26139135948626296
LDPCCRDPPCASTHTDICT,1,1,1,1.0
FIHHIIGWISHGVRAIHRAIHG,1,1,1,0.997640875972356
GCCSPPCAANNPDYC,1,1,1,1.0
GLLSSLSSVAKHVLPHVVPVIAEHL,0,1,1,0.5509742389408118
TTGKPKGVQISHD,0,0,0,0.12688933563491966
GCCSDPRCNMNNPDYC,1,1,1,1.0
DTVYGGMGVLGPTRMDYPGTIASVAAV,0,0,0,0.005631660939458184
AAKLLLNPKFRCKAAFC,0,1,1,0.8979366030747247
TSLFLCPATAVIIYRMRTHPVLNGA,0,0,0,0.024200012394067834
GWTLNSAGYLLGPHAVDNHRSLNDKHGLA,0,0,0,0.03465554330517315
QCTPVGGYCSRHYHCCSNHCIKSIGRCVAH,1,1,1,1.0
MYIFITHFFTEYVILKYLLPI,0,0,0,0.0011674315355251828
ALSVLLQSCTMCLFCCYL,1,1,1,1.0
IRNRLKKIGFPVKAKDLGLSDEEVI,0,0,0,0.01711401298134245
ACLGQWDSCDPKASKCCPNYACEWKYPWCRYKLF,1,1,1,1.0
GDFIGSSTNLIMVTSTTLMLFAGRFGLP,0,0,0,0.0066484102889411084
FENKVPEKQKLFQEDNGIPVHLKG,0,0,0,0.0722055046259905
ADTGEGDFLAEGGGVR,0,0,0,0.00019125773162455233
TDSEECCLDSRCAGQHQDLCS,1,1,1,1.0
GCCAIRECRLQNAAYCGGIY,1,1,1,1.0
EDGSDPASGDFLAEGGGVR,0,0,0,0.0005320945200977225
TEQNIVIGGISGCIGPLIGYAAMANALPMQAWVMF,0,0,0,0.005871224886532098
DPSFNSWG,0,0,0,0.015255716971673435
ACSRGSRCPPQCCMGLRCGRGNPQKCIGAHEDV,1,1,1,1.0
CLRDGQSCGYDSDCCRYSCCWGYCDLTCLIN,1,1,1,1.0
VEWSDSERKTLVSVWGKI,0,0,0,0.18546584678337275
SWKSMAKKLKEYMEKLKQRA,1,1,1,0.9920936975389941
MLYSVGKDSSVLLHLLLKAFAPSRPPIPLL,0,0,0,0.0027515844309105642
CCQIVPQCCEWVSD,1,1,1,1.0
SRCFPPGIYCTPYLPCCWGICCDTCRNVCHLRF,1,1,1,1.0
APKAMRLLRRLLRRLLR,1,1,1,0.9697135439184961
DDEEYAEFIEQQREAGLV,1,1,1,0.8593497350010929
GIFTFEDESTTTVAPAKLYK,0,0,0,0.0117268831012937
PVGAGLDVEQRTVFAFVLCLLVVLVLL,0,0,0,0.0007869145489198514
GVCCGYELCHC,1,1,1,1.0
IPCCSYPACAQSNIDLCG,1,1,1,1.0
RPCCPRDTWCC,1,1,1,1.0
GCCSLPPCAASNPDYC,1,1,1,1.0
VIGGDECNINEHRFLAALYD,1,1,1,0.9463087927049337
MSVFLGYIIFLAAFFGLATGLFLGLKAIKLI,0,0,0,0.024356556967238006
LRDKIKRAKSDAVMGLKFDPA,0,0,0,0.027197518594145802
CVTVGLVPLLDVKTKPSEA,0,0,0,0.008112986790773404
GIGSAILSAGKSALKGLAKGLAEHFAN,1,1,1,0.871530897934272
GCCSNPVCFATHSNLC,1,1,1,1.0
QSEEGGSNATKKPYIL,1,0,0,0.0408133007580569
SCVPIGRPCASNEQCCTRWCTPRRIC,1,1,1,1.0
ADVRNPLEEFRETDYEVL,1,0,0,0.23668291576361394
DCSGSGYGCKNTPCCDGLTCRGPHQGPICL,1,1,1,1.0
MEALVYTFLLVSTLGIIFFAIFFREPPKVPTKKN,0,0,0,0.00042894475038748897
NEVGRTFYEQFKDKGITKILTIEASGIA,0,0,0,0.006092860353496462
DCCYGRVNGCNPKMADKNYE,1,1,1,0.8603530479476649
DVGKFK,0,1,1,0.6409072397474969
AGDTSSEAKGMWFGPRL,0,0,0,0.0033093712610362596
GAFGDLLKGVAKEAGMKLLNMAQCKLSGKC,1,1,1,0.9546444385891004
QKELVPSTITTCCGHEPGTMCPKCMCDNTCPP,1,1,1,1.0
QSCCSTPPCALLYMEMC,1,1,1,1.0
WCKQSGEMCNLLDQNCCDGYCIVFVCT,1,1,1,1.0
LNTRDDDCEPPGNFCGMIKIGPPCCSGWCFFACA,1,1,1,1.0
DCKWWPYNCSGKEECCSGYCVGYCL,1,1,1,1.0
VEDYLEKSKANLELNDKKT,0,0,0,0.019803110104574605
AIKVFHIVAETGIHARPAT,0,0,0,0.061061907109484406
TRDCKTKGYACFASTECCVQDCWLVCLY,1,1,1,1.0
AIPWSIWWHLLFKG,1,1,1,0.879678732766568
SGLQFAVLDGQGFIPFPRV,0,0,0,0.0031029841829817496
CFESWVACESPKRCCSHVCLFVCA,1,1,1,1.0
INLRAIAALAKKLL,1,1,1,0.9718154681326534
EAAGLLPFPRL,0,0,0,0.07159235719651455
CAGIGSFCGLPGLVDCCSDRCFIVCLP,1,1,1,1.0
RRRRRRRWWWRRRRRRRR,1,1,1,0.5534373711149894
FLQHIIGALSHIF,1,0,0,0.3563172246204608
GFGALFKFLAKKVAKTVAKQVAKKQME,1,1,1,0.9975834636141895
GMASLLAKVLPHVVKLIK,1,1,1,0.9781974776879336
GVCCGYILCHC,1,1,1,1.0
QASTDYDDEDESTVPEAR,0,0,0,0.0005222515181144641
LKEQGYDVIGIFMKN,0,0,0,0.06198426851067829
ESKRELERREAEKHAQNQSADDKQADSADTTTNVS,0,0,0,0.004452029383208136
ATVFATKGAHRIGRIYD,0,0,0,0.012526742368562367
RDCQEKWEYCIVPILGAVYCCPGLICGPFVCV,1,1,1,1.0
ARRRRRSSRPQRRRRRRRHGRRRRGRR,0,0,0,0.00513923904520467
GILLDKLKNFAKTAGKGVLQSLLNTASCKLSGQC,0,0,0,0.14189207557732203
KSPPQALNKPLPAPSAPSL,1,0,0,0.20153313130553854
RPPGFSPFRVD,1,1,1,0.9431687787192351
RGSNLTHPLRNIGDLFYVGN,0,0,0,0.00996215065408259
NCCNGGCSSKWCRADARCC,1,1,1,1.0
TCTGNCRLCGAICCCEPKVCRNNQCIYDE,1,1,1,1.0
MPEPAKSAPKKGSTRTAAKGGKKRRKSRK,0,0,0,0.34165075692961194
GFGCYRSCWKAGHDEETCKKECS,1,1,1,0.9909194862991636
GEEEYAKMAAELARENIAKGCKVNCYP,1,1,1,0.8768562828140172
TGTTLKLHGLKPLD,0,0,0,0.033735802964820004
ALWKSILKNVGKAAGKAVLNAVTDMVNQ,1,1,1,0.7704992928636051
SKVIGIDLGTTNSVAVMEG,0,0,0,0.016493017283665392
MNLEIVAQLTVLALIVVSGPLVIALLAVRKGNL,0,0,0,0.0008044123349869324
NLFQFARMINGKLGAFSV,1,0,0,0.3006736759807183
HAGTYTSDVSSYLQDQAAKEFVSWLKTGRGRRD,0,0,0,0.008270590479536198
GLLGMVGSLLGGLGL,0,1,1,0.45455249041406404
MDVPKDTFVGLCHGHASELRLNHYPSI,0,0,0,0.005470852585038893
VSAKPAKVTAGEQAIAMT,0,0,0,0.011173641174511995
KPPPWVPV,1,0,0,0.23422534855681243
CCRRCYMGCIPCCF,1,1,1,1.0
TATDIRVVFSRPHLFR,0,0,0,0.02578542427434512
CCNCSSKWCRDHSRCC,1,1,1,1.0
NGVCCGYKLC,1,1,1,1.0
CIPEGSSCSSSGSCCHKSCCRWTCNQPCLIP,1,1,1,1.0
TVRKVEKKGAGTSLGTSS,0,0,0,0.023689221523114055
CCSMYCWKCFPCCPN,1,1,1,1.0
PDMQSMKGIGYKEVLFYLNGDISLD,0,0,0,0.005175233539271692
RWKVFKKIEKVGRNIRDGVIKAAPAIEVLGQAKAL,0,1,1,0.9551952420859401
ANPTFGFTPLGLSSDAN,0,0,0,0.05184088050860962
LDVKKIICVACKIRPNPACKKICPK,1,1,1,0.9763951735527455
GYLGGYAAPAIAAAPAIAALPAASSIAANGY,0,0,0,0.004508972132587368
GYRKPPFNGSIF,0,0,0,0.08463776249018894
MDTIEPVSVAIS,0,0,0,0.0753803135298726
LAKTVPLNDGTNFPIFGG,0,0,0,0.005026648516293868
GGAGHVPEYFVGIGTPISFYG,1,0,0,0.0035745999910443867
SITFVLGVLGNGLVIWVAGFRMAHTVTTICYL,0,0,0,0.003185646694243917
AAAPF,0,0,0,0.36130024414449274
DYCCRRPTCIPIC,1,1,1,1.0
NCPAGCRSQGCCM,1,1,1,1.0
PSSQPRGDPTGPKE,0,0,0,0.05633810525287778
GRSLVFPEETANSFVELFPAKELSL,0,0,0,0.007182859709971488
KESSFDIVSKVDLSEVANAIN,0,0,0,0.0036208208884975918
SCSSGCSDCNSDSCQCTLNQFTNSDSCCC,1,1,1,1.0
GFMKYIGPLIPHAVKAISDLI,1,1,1,0.8729944086278935
LQLNKMKSRKSCGIAV,0,0,0,0.08699061239259998
DVGDDCCSDNVGTCC,1,1,1,1.0
GRCCHPACGQNTSC,1,1,1,1.0
MDEAYKEFVMQLASWDTRREFWLQTDY,0,0,0,0.0034417473602339163
CIPHFDPCDPIRHTCCFGLCLLIACI,1,1,1,1.0
SCGHSGAGCYTRPCCPGLHCSGGHAGGLCV,1,1,1,1.0
LFSIIWKLNRKLIKA,1,1,1,0.45637183824180244
SIVLRGKAPFR,1,0,0,0.2706136402104268
IRDECCSNPACRANNPHVC,1,1,1,1.0
FLPIIGKLLSG,1,1,1,0.9831830701491313
EVEMLGDELRTLNQNLGLMR,0,0,0,0.00047287408244330915
WPCKVAGSPCGLVSECCGTCNVLRNRCV,1,1,1,1.0
CCISPACHEECYCC,1,1,1,1.0
ILITLIILLLSIMVLFI,0,0,0,0.23865997994784977
AVCNLARCQLSCASLGLLGKCIGDKCECVKH,1,1,1,0.9968278148498109
FLKGIIDTVSKLF,1,1,1,0.9838266268347208
RPCCYIGWCSRRCNCGGYRP,1,1,1,1.0
ATYTLPEPPYDYAAL,1,0,0,0.12885920080242183
MKWAAPIVSEICVGMEVTSYESAEIDTFN,0,0,0,0.14123126096724303
CVHWQTNTARTSCIGP,1,0,0,0.3147757116574982
MKAVAVLTGSEGVGTIFFTQ,1,0,0,0.0038835045732373125
ECDNPACGNHTSK,1,1,1,0.9940719169674106
GVLSAFKNALPGIMKIIV,1,1,1,0.9056009656190951
GFDVVDNIK,1,0,0,0.36487421406923803
SKSLFYQKQYDNINE,0,0,0,0.013073432392060826
MGIDFHLIANFGALALITLAGPAVIFILFYRRGAL,0,0,0,0.0010999739282145174
MNKVTDLRSAIELLKTIPGQLIETNDV,0,0,0,0.00570736206679652
CTENGDVCDPENHNCCSGSCLDDEDPPVCGF,1,1,1,1.0
HFLGTLVNLAKKIL,1,1,1,0.9980490095604388
RGYAAVKNRDTDKVIWVPSRKVKPDITQKDEVTKK,0,0,0,0.178303501526386
LMRSVQISLRKRPVDPER,0,0,0,0.010130763233060025
WTFGQGTKVEIK,0,0,0,0.016071104329774374
MPVNGIFDVFDMLSIYIIYKLIVSNNTWLIMRK,0,0,0,0.0022489859178028457
CVPYEGPCNWLTQNCCDATCVVFWCL,1,1,1,1.0
FFGHLFKLATKIIPSLFQ,1,1,1,0.9435255343376162
SQCCYQICSPC,1,1,1,1.0
MLKMSGWQRQSQNNSRNLRRECSRRKCIFIHHHT,0,0,0,0.005824530735782196
GPNTGELCDGVEQNCRYPYCFIVVCL,1,1,1,0.8950131773989035
GLPVCGETCVGGTCNTPGCTCSWPVCTRD,0,0,0,0.27363809523603383
GLKDWWNKHKDKIVEVVKDSGKAGLNAA,1,1,1,0.9412207663223087
SNPNFILTLVNNVPYTIWPA,0,0,0,0.06379695047746829
GCVCTYANKPCCN,1,1,1,1.0
MSWTKPAYTDLRIGFEVTMYFASR,0,0,0,0.0029408548943007772
VAIALKAAHYHTHKE,1,1,1,0.793343005237081
MYDPPFLEALMITASFFAIFIIIVVSVLLLEGEGD,0,0,0,0.00432258604342807
GRCCHPACGGKYFKC,1,1,1,1.0
MHVSTFQALMLMLAFGSFIIALLTYIKKK,1,0,0,0.04195896850407396
MDGKVHRHWGFGGGPHRC,0,0,0,0.02878883553260474
NVVVLATGGTIAGAGTNAFASQGPLGMVVEGK,0,0,0,0.03332952172237751
GRRNH,1,1,1,0.5853457204763419
NSELINSILGLPKVMNEA,0,0,0,0.027924372031762516
RQRVEELSKFSKKGAAARRRK,1,1,1,0.4061078612975313
MKADIHPNYVEIDATSGN,0,0,0,0.009995983677047978
EMLYAMARAFLQLSVIGFV,0,0,0,0.014998384841853264
VCGSNQPNHPNGKCGSKMADYLEEQCEEEEAA,1,1,1,0.84946144550941
QIKAVVANFAESYEDP,0,0,0,0.004528564161771177
EVHNFACLGKPDPGGCAHYIYRRYYYV,0,1,1,0.4720001243054046
APVPFSCTRGCLTHLV,1,1,1,0.7877449331796483
GSPKYCHLPADPGPC,1,1,1,0.9317975850362759
APQNMNGL,1,0,0,0.04052822063567172
GCCEPFWCDSGCTEGCC,1,1,1,1.0
QGLFTSDQDLYTDSR,1,0,0,0.009389704139982472
DPCYEVCLQQHGNVKECEEACKHPVEY,1,1,1,0.9884881836945089
GCCIVPWCTGCYCCH,1,1,1,1.0
MEITTNQVYIALLASLIPAFFAFKLGKSLNQ,0,0,0,0.01131807049621523
GIPCGESCVWIPCLTSAIGCSCKSKVCYRN,0,1,1,0.5663587959765801
CCKYGWTCWLGCSPCGC,1,1,1,1.0
ESEEGGSNATKKPYIL,1,0,0,0.01250477953733
TCSSPSNCPTGQECCPDKVDEPEGFCADECIIT,1,1,1,1.0
GMWGECSDWLATCISPSQCCSESCDKRCLAW,1,1,1,1.0
CKGKGAKASRLMYDAC,1,1,1,0.9875956018690374
DWCDPCPW,1,1,1,0.9997713725070474
GLWSKIKETGKEAAKAAGKAALNKIAEAV,0,0,0,0.3444382926813645
EQAETFYAVHKERPFFGELVDFMISGPVVV,0,0,0,0.0013919963538501885
GFGSLFKFLGKKVLKTVAKQAAKKQME,1,1,1,0.9982602013792587
TTGSKSLDELLG,0,0,0,0.007215441029300562
EPVPTTIIDFGECCRDPSCWVKVKDFKCPGAVPPS,1,1,1,0.7083055618628187
GGCCSYPPCAVSNPQHC,1,1,1,1.0
GLEEELETVELVEELQQA,1,0,0,0.07638942181689154
KKQDLDDEEKTAKFIEEQ,0,0,0,0.017309146640649857
DCCGVKLEMCHPCLCDNSCKNYGK,1,1,1,1.0
TAGFGVFTNIINGGLECGK,0,0,0,0.30314705160091215
VAKCSTSECGHACQQAGCRNSGCRYGSCICVGC,1,1,1,0.8796617106647774
CVRVCPINLPVVDWVYNKET,0,0,0,0.20469305477624053
RPPGFSPFRIAPASSL,1,1,1,0.7555675177054864
ITPEMSADNGAMDMGEGIKLSLNTNTLSTS,0,0,0,0.004164416257883389
CCTGSCRSGKC,1,1,1,1.0
DDECEPPGDFCGLFKIGPPCCSGWCFLWCA,1,1,1,1.0
MEFVAKLFKFFKDLLGKFLGNY,0,0,0,0.06853603790468211
WCASGCRKKRHGGCSC,1,1,1,0.9994974762543491
NDQCLVIEIL,1,0,0,0.3736333982208844
LPLI,1,1,1,0.8147510838919905
CTHPGGACGGHHHCCSQFCNTAANACN,1,1,1,1.0
DVNGGGHTLPQPLYQTTVVL,0,0,0,0.22174458632725286
FDESFGFQGPSTYEKTPLGEPA,0,0,0,0.0022298020570336425
LGYLGTCPTNIGTGLR,0,0,0,0.15384659509636658
DDCLGIFKSCNPDNDKCCESYKCSRRDKWCKYVL,1,1,1,1.0
WCRVARRILDPYRVARVI,0,0,0,0.16393548981040978
MVEPLLSGIVLGLVPVTLAGLFVTAYLQYRRGDV,0,0,0,0.05080914814023976
QLGPQVPAHLRTDLSKKQGPWAEEEAAYGWMDF,0,0,0,0.0023555475060711762
MNEIVALMIICPLMVMVGLGMGFALLWLQQQA,0,0,0,0.010735729039122757
GCIPVGSMCTISNGCCTKNCGWNFHCNKPNQ,1,1,1,1.0
SNGRNAAADAKASQRIAPFLRDYCCRRPPCTLICG,1,1,1,1.0
RHGCCKGPKGCSSRECRPQHCC,1,1,1,1.0
DAAVEPELYHWGKVWLPN,1,1,1,0.5063800034504362
MAILTLGWVSLLVVFTWSIAMVVWGRNGL,0,0,0,0.006963025940397562
GKLQAFLAKMKEIAAQTL,1,1,1,0.8239791586964719
GFVDFLKKVAGTIANVVT,0,1,1,0.40933228712441716
VIGVVPLFKGKSQLLDPTG,0,0,0,0.0090908630171486
CCDEEECSSACWPCCW,1,1,1,1.0
NRNNRDWWHFADYGCYCGYGGSGTPVDELDRC,0,1,1,0.8442211969827668
LKLSPKTKDTLKKVLKGAIKGAIAIASMA,1,1,1,0.9903521766046237
TCCVRPWCDGACDCCVDP,1,1,1,1.0
AGGVNQAGINFYNHLINELISNGIRPLVTLFH,0,0,0,0.005219447506634074
MAATFALHGWWRTS,0,0,0,0.05148569488435917
GCCSYPPCFATNSGYC,1,1,1,1.0
MTYHKVSPDGRMSKEKENFFRYRNQLIVLNRYMH,0,0,0,0.007664276381482619
GCCSHPACHHPEIC,1,1,1,1.0
TVSSVCISILSMLSSSPEKQRPTDNDRY,0,0,0,0.00622509076002244
MLITLGWASLAALFSFSIAMVVWGRNGDGSMNF,0,0,0,0.005529242193626001
LLKELWKKIKGAGKAVLGKIKGLL,1,1,1,0.9873677125744404
GAFGNFLKGVAKKAGLKILSIAQCKLSGTC,1,1,1,0.9842055812232404
MNLEVLAQLTVLTLIVISGPLVIALLAVRKGNL,0,0,0,0.0017397423683794629
EAPVGFTPPELDPSTPSPIFGGSTGGLLR,0,0,0,0.001984615640385865
SADLVKKIWDNPAL,1,1,1,0.8733801084442749
METNDLGFVASLLFVLVPTVFLIILFIQTNSKEG,0,0,0,0.0015208062813039862
NILNTIINLAKKIL,1,1,1,0.9970329568734095
NTNVFETNIINLSV,0,0,0,0.005179571620614359
TFRCKILDRHLAILAKKHLET,0,0,0,0.24654537894831055
NGRCCHPACGRHFNC,1,1,1,1.0
AIIGNPEHPEVIGINGWCNNEAY,0,0,0,0.24792673905297297
GLPTCGETCTLGKCNTPKCTCNWPICYKN,1,1,1,0.9477457708118442
NGTVKLMQWAAARGEKFDHCVLGEPSNV,0,0,0,0.03732853338817064
YKLCHPC,1,1,1,0.9874038208550183
RSCSFPSNTWC,1,1,1,0.9823577985008817
AISGLTPCKESKQFAKREKQ,0,0,0,0.107831925903494
QYVKDPDKQVVARIFLDLQLVQR,0,0,0,0.023044112159776545
FEVYWNVPTLQCRAVYKMIFKLNRTYGIQNA,0,0,0,0.05960032419557586
RNMSLISRFIS,0,0,0,0.055302324885739954
MADVIAKIVEIVKGLIDQFTQK,1,1,1,0.7265775688928355
KPLWRL,1,1,1,0.6042000045931931
DAQEKRVLGQLHGGPFSASAKYFGQAHGGEK,0,0,0,0.01066447599879324
LLGKDHTQVVSLKDKLEFAPKAVLN,0,0,0,0.016478069692110128
IWLTKALKFLGKNLGK,1,1,1,0.9890981013151336
QCSPNGGYCTLHIHCCSNHCIKPIGRCVA,1,1,1,1.0
DSDSAQNLIG,0,0,0,0.24453781006505854
GVFDIIKGAGKQLIAHAMEKIAEKVGLNKDGN,1,1,1,0.9508578349746882
RADEGIAPSLIGAEGL,0,0,0,0.004582495235223753
APGCCNNPACVKHRC,1,1,1,1.0
AKTENKTVTVRQTASPIK,0,0,0,0.00504478733948591
AGNDKATDLMALTVRGCCSHPACAGNNPHICS,1,1,1,1.0
ISSPVSLTIHPLRNIMDMLYVGITI,0,0,0,0.007562823274983543
FLSLIPGAISAIASLFK,0,1,1,0.9082389476888244
GAKERNNAEAVRERLEEI,1,1,1,0.6610819630400133
GPEEDSETTVEELHEI,1,0,0,0.06486596263923908
SPIIIDYLCVTET,1,0,0,0.01567965833831829
QNWPRPQIPP,1,1,1,0.9565625664649889
AITAGALQPGRLSVHREPWGFSREQAV,0,0,0,0.003646507562178148
GEVFAFPR,0,0,0,0.056636409456572605
APNQPSDNMIRF,0,0,0,0.04646785519346432
EYPEAPISLGT,0,0,0,0.06968416628092904
TDAVANGVHAISGVVDS,0,0,0,0.008692899219711668
GVLDAFKKIATVVKNLV,0,1,1,0.8215674839994724
GCKKRKARKRPKCKKARKRPKCKRRKVAKKKC,0,1,1,0.9659237797443544
MEISTTQISIILLIALIPAFFSLKLGKELYK,0,0,0,0.007102573085900223
NGCCRNPACESHRC,1,1,1,1.0
EDGYLLNRDTGCKVSCGTCRYCND,1,1,1,0.7696281486390206
GWKDWLNKAKDFIKEKGPEILRAAANAAIN,1,1,1,0.9874520013502897
GQICIWKVCPPTMDTSIS,1,0,0,0.032526233841382104
GVLDTLKNVAIGVAKGAGTGVLKALLCQLDKSC,1,1,1,0.9597110368140875
VVGGDCIPQVPFLAFLYSEYFC,1,0,0,0.24842307119994012
AVITGACERDVQCGGGTCCAVSLI,0,1,1,0.6989501257931798
AAKFKAPALMKRTDSEECCLDSRCAGQHQDLCS,1,1,1,1.0
MSDINTARLPFFQPPEFRPPCVGDDIEMVLTRGE,1,1,1,0.7174660717583152
MNDQMFVETLIITSSFFAIAAVLVLSVLLIERTG,0,0,0,0.001900347022585405
APKDDTWYTGAKLGWSQYHDT,0,0,0,0.13462422997812099
FLPILAGLAANILPKVFCSITKKC,1,1,1,0.7850756818340558
RESDAGLKSLAEGVEMTERAMMA,0,0,0,0.004008949353277746
MINWQVLGQLIATGTIMLAGPAVIVLLALKKGNL,0,0,0,0.012994337182567508
DSGSSRDPGASSGGC,0,1,1,0.5478076794523551
AAAISCVGSKECLPKCKAQGCKSGKCMNKKCKCYC,1,1,1,0.9978520982762148
LRPAILVRTK,1,0,0,0.06988015282507491
ACCPYEPSCCI,1,1,1,1.0
GFGSLFKFLGKKVLK,1,1,1,0.9971511560263566
MSDINATRLPIWGIGCNPCVGDEVTALITRGEA,1,1,1,0.994807487532631
NAAAKAFDLKGCCSHPACSGNYQEYCRESY,1,1,1,1.0
KDGYLMEPNGCKLGCLTRPAKYCWEE,1,1,1,0.8893575247068941
MQILIEPKNALVKQYQ,0,0,0,0.011424985145256621
ATGSGGMNLVFVGAEMAP,0,0,0,0.003235434702711041
VSCTGSKDCYAPCRKQTGCPNAKCINKSC,1,1,1,0.984876862467042
RHADPGSVHVLLSHLHADHCLDMPGLF,0,0,0,0.00382861079645745
MTNLPSIFVPLVGLVFPAMAMASLFLYLQKNKIF,0,0,0,0.005904778573556577
SGLQFAVLDGQGFIPFSRV,0,0,0,0.0049136441650183766
ADIENGEDIFTANAS,0,0,0,0.12102989689726149
NGVQPKY,1,0,0,0.13654388435728146
FIHHIIGGLFHVGKSIHDLIR,1,1,1,0.9722436651184377
GLPVCGETCVGGTCNTPGCSCSWPVCTRN,1,1,1,0.8102943433547244
VKSTGRADDDLAVKTKYLPP,0,0,0,0.034560416395383396
VMGKNGKWLEVLGCGMVHPNVLRAVNIDPE,0,0,0,0.07129985209376742
GMASKAGAIAGKIAKVALKAL,1,1,1,0.6845934667343377
GLIRPSKRCIGGGDPCEFHRPYTCCSGYCIVFVCA,1,1,1,1.0
VPEECEESCEEEEKTCCGLENGQPFCSRICW,1,1,1,1.0
ICCYPNEWCCD,1,1,1,1.0
KEFIEVFNEEAKKLKDVD,0,0,0,0.17569609810398065
ILGKIWKGIKSLF,1,1,1,0.9924631139709474
GCCSDPRCKHEC,1,1,1,1.0
GLAGAISSALDKLKQSQLIKNYAKKLGYPR,0,0,0,0.03911555533647165
HEPCGESCVFIPCITTVVGCSCKNKVCYD,0,0,0,0.3253708274800233
DAFRWIMQDDRFDGIPLILETINPDIWAEEIAWLK,0,0,0,0.006328570608323455
MLTITSYFGFLLAALTITPALFIGLNKIRLI,0,0,0,0.0005609140325190374
APLMGFQGVR,0,0,0,0.019539060999902897
GIPCGESCVYIPCLTSAVGCSCKSKVCYRN,0,0,0,0.1680606577762844
VHGKPATIDHFALIVSYF,0,0,0,0.07507056230607997
IEHNAEEIRKTAIRTAVQNTAQQTK,0,0,0,0.04015078906155935
AVQYIFNHEIKLKEKKYTKEELEKYLEAE,0,0,0,0.04404875133259475
FIQYLAPLIPHAVKAISDLI,0,1,1,0.9341684082505904
MSKVIETKQQVVTEIADKLRA,0,0,0,0.010565080203485405
LWTQSHGRSFLAWADVAAASTPLGYTFGRIGN,0,0,0,0.019064589788771312
GVGDIFRKIVSTIKNVV,0,1,1,0.7251940213859676
SCASRCKGHCRARRCGYYVSVLYRGRCYCKCLRC,0,1,1,0.8637781964709861
MEALVYTFLLSTLGIIFFAIFFREPPKVPDRGGK,0,0,0,0.000483408666641868
TKATEGEFLAEGGGVR,0,0,0,0.00020014988568985723
KRMGIFHLFWAGLRKLGNLIKNKIQQGIENFLG,1,1,1,0.9510254278247792
LRNGVCCGYKLCHPC,1,1,1,1.0
AKNSAEANENSDANE,0,0,0,0.03140122582959491
CRLEGSSCRRSYQCCHKSCCIRECKFPCRWV,1,1,1,1.0
FLPIPRPILLGLL,0,1,1,0.9387693623955848
GASCGETCFTGICFTAGCSCNPWPTCTRN,1,1,1,0.5215730521079269
ASAAGAVRAGDDETLLKPVLNSLDNLVSGL,0,0,0,0.0061658058530142095
VDKPDYRPRPRPPNM,1,0,0,0.27997336424880737
NCCRRQCC,1,1,1,1.0
ANDPDFPYTVQANRP,0,0,0,0.025920707770588546
QWAQWPRPQIPP,1,1,1,0.8376034466619298
MNIELIVQLTSLILISIAGPIIIALLFVKQGNL,0,0,0,0.0012484284893712106
GLGGAKKNFIIAANKTAPQSVKKTFSCKLYNG,1,0,0,0.14388690927285305
GDDCSIYTREFFECMADDFN,0,1,1,0.5435235708873304
NWRKILGKIAKVAAGLLGSMLAGYQV,0,1,1,0.7182880342753237
TDVKESEFIAEGAVGR,0,0,0,0.016610239140157593
DCLPPLTWCSMTDDECCNDCVLFLC,1,1,1,1.0
SSADSLPHGAGMP,0,0,0,0.02941453419475513
LFDPPDSPY,1,1,1,0.5685022976213111
GCPADCPNTCDSSNKCSPGFP,1,1,1,0.973031728508854
VGVCCGYKLCHPC,1,1,1,1.0
MRLSANRQGNTCAGRSVNA,0,0,0,0.020777992829818737
QCTPVGGSCSRHYHCCSLYCNKNIGQCLATSYP,1,1,1,1.0
DECYPPGTFCGIKPGLCCSAICLSFVCISFDF,1,1,1,1.0
QSAREQG,0,0,0,0.1476986082216372
LRNVEQQCRADALVERAQELIHGQQ,1,0,0,0.005565526820362093
MTHIVRFIGLLLLNASSLRGRRVSGIQH,0,0,0,0.005579432844872432
MSLRMHYTIQRPTNMSSSRGYRDHRMHLSLTSKMQ,0,0,0,0.00265307479306576
LNEIDVDNNRATLKKAGYLSRDARVIE,0,0,0,0.016178047652617218
AANAKLFAVMQSCCSTPPRALRHMDMCG,1,1,1,0.9270346938303318
FLIGMTHGLICLISRKC,1,1,1,0.9618783886079465
AVGDDTPQLY,0,0,0,0.04096006726383757
VGLGGAEIYTALASR,0,0,0,0.02896991016489686
ATSGPMGWLPVFYRF,1,0,0,0.011800526162275065
KFFRKLKKSVKKRAKEFFKKPRVIGVSIPF,1,1,1,0.9989147422558009
CCSHPACAANNQDYC,1,1,1,1.0
SCGYPCSHCGIPGCYPG,1,1,1,0.9996696312552087
ENPNRLQHYYQYQVVL,0,0,0,0.1689456110903805
RRQICC,1,1,1,1.0
MSGRGKGGKGLGKGGAKRHRKVLRD,0,0,0,0.020157714596759375
MNAELIVQLGSLALITVAGPAIIVLLFLKQGNL,0,0,0,0.0014230192641277986
IGKNEHHKAEALF,0,0,0,0.16433351379437455
LARFVLRILKYGFK,1,1,1,0.7391007020043491
LVPAMGGL,0,0,0,0.03396484611155965
MPDPAKTAPKKKSKKAVT,0,0,0,0.09439698639945476
TIAWTPEFSPRPCKHGDRCNALHDL,0,0,0,0.18331683366427098
TDPDADEGEFLAEGGGVR,0,0,0,0.0005093297990328114
CKGKGAKCSALMYDCCTGSCRSGKC,1,1,1,1.0
CQGRGASCRKTSYDCCTGSCRSGRC,1,1,1,1.0
GLFKVLGSVAKHLLPHVVPVIAEKL,0,1,1,0.8461200623243172
FEQIPNLVIYSSSQQILTDKELPIIPISIEGI,0,0,0,0.01414930673091728
TQRLANFLIHSSNNFGAIFSPPN,0,0,0,0.006129267321895317
CCGKPTSACHPCVCNGSCSG,1,1,1,1.0
SIEIEIDGVTVTTEESRTLVDVAAEAGVYIPTL,0,0,0,0.0019129774405112797
PQISRQEYGGLFGPT,0,0,0,0.003791401709763226
TIINVKCTSPKQCS,1,1,1,0.9560228048546058
FLPAIVGAAGQFLPKIFCAISKKC,0,1,1,0.6907082649859736
TDKLIFGKGTRVTVEP,0,0,0,0.004898072525946477
VEQDPYEIVIKQLERAAQYMEISE,0,0,0,0.018729009283700714
DCVEVDYFCGIPFVFNGLCCSGNCVFVCTPQ,1,1,1,1.0
IKNTAASNKAPSLVAIAVRGCCYNPSCWPKTYCS,1,1,1,0.821634648744688
MSSLWWCFVWLISIPVICLTFTFVMRLL,0,0,0,0.008099464826105152
CCQLFVWCC,1,1,1,1.0
LAYGTATVPKVDKITGPGNIYVATAKK,0,0,0,0.04015180646488765
LHRAYLSQQQTPPFAM,0,0,0,0.0007819534281721147
EFLLVIMGGVFVVETLSVILQVGS,0,0,0,0.0028688107872505567
DPQVPYFIFGDSLYDNG,0,0,0,0.003924956987362893
EDDHDHHHHHHHHHHHHGVGGGGGGGGGGA,0,0,0,0.038091848283743596
GCKGFGDSCTPGKNECCPNYACSSKHKWCKVYL,1,1,1,1.0
GVFDIIKGAGKQLIAHAMGKIAEKV,1,1,1,0.9051615517986158
SLWEFAQMILEETKRLPFPYYGAYGCYCGWGGQGQ,1,1,1,0.5442658504425282
INWKKIFEKVKNLV,1,1,1,0.45541310320873124
VVSCADILAVAAR,1,1,1,0.8300331963397191
CLPAGTSCLFSRIRCCGTCSSMSKSCV,1,1,1,1.0
CCPRRLACCII,1,1,1,1.0
YCQEFLWTCDEERKCCGDMVCRLWCKKRL,1,1,1,1.0
SAVGRHGRRFGLRKHRKH,1,1,1,0.6445181173345502
CVSPGGVCQHKDECCSDRCEQSAIVSICKQ,1,1,1,1.0
AVPDKIDRRESGYV,0,0,0,0.03636277967488566
MRIGIIFPVVIFITAVVFLAWFFIGGYAAPGA,0,0,0,0.000756511794705339
AYGGDGGAYYEWSPA,0,0,0,0.0846318479109662
SGKTQTAFELHRRLNPSYVYDPEKMGFA,0,0,0,0.009781790655298616
DSPGGASDAQKQ,0,0,0,0.01649775128545488
GGSVPCIETCVWTGCFLVPGCSCKSDKKCYLN,0,0,0,0.2476577056607036
YSRGRIMARASECVNECVESGHNTFHCERHCSNT,1,1,1,0.9423884744197002
WSCTKGCPDAKQCEAT,0,1,1,0.9739710144843213
LCCVTEDWCCEWW,1,1,1,1.0
FFPIVGKLLSGLSGLL,1,1,1,0.9896391365349114
LLSTYLATRSQLCGLILMMDSRRPLTELDR,0,0,0,0.15153061069563378
PCKKSGRKCFPHQKDCCGRACIITICP,1,1,1,1.0
CKAYHGGHLTIRLAL,0,1,1,0.4448544774530707
MKKAWWKEGVVYQIY,0,0,0,0.011383302382272293
SIPASQKANLGNQMIMAVACYQN,0,0,0,0.06251340692652244
LKCEWDGLVGTRGEIAKETIER,0,0,0,0.07669730875285073
GVCCGYQLCHC,1,1,1,1.0
SDCTLRNHDCTDDRHSCCRSKMFKDVCTCFYPSQ,1,1,1,1.0
FLGALWNVAKSVF,1,1,1,0.9799248480858979
ILYAEPFTKVFTQLTIIASGNTVLI,0,0,0,0.007699235877235648
ALWKDMLSGIGKLAGQAALGAVKTLV,0,0,0,0.17537045662371273
GVAFDDGSYTGIREINFEYNRETAIGGQV,0,0,0,0.21689599397640869
GFMDTAKNVAKNVAKNVAVTLLDKLRCKVTGGC,1,1,1,0.5809905750780439
MSLEVILQLGSILLVVAAGPLVIVLLSVNEGNL,0,0,0,0.0014747054013836273
SNATDETLKDVSA,0,0,0,0.029217456561516423
GIFLDKLKNFAKGVAQSLLNKASCKLSGQC,0,0,0,0.20668815140483937
AANNKATDLMALTVRGCCADPSCSILMPYFCI,1,1,1,1.0
EGLLQLPSDK,0,0,0,0.05151567722571293
VEIQGTAEGEPFSEDQFAE,0,0,0,0.00467474780259707
WWEGECYDWLRQCSSPAQCCSGNCGAHSKA,1,1,1,1.0
GILMDTFKGAAKNVAGFLLDKLKCKISGGC,1,1,1,0.9184182077745007
FLPLIASLAANFVPKIFCKITKKC,1,1,1,0.9568953339694961
QECCEPMWCDNACEVCCD,1,1,1,1.0
YCSYTMEA,1,1,1,0.6890056034728097
MDLEVIAQLTVLTLMVVSGPLVIVLSAIRKGNL,0,0,0,0.005628446511252932
KGKGAKCSRLMYDTGSCRSGKGS,1,1,1,0.9269852796234556
AVAGEKLWLLPHLLKMLLTPTP,1,0,0,0.2775423509245342
FLPLFLPKIICEITKKC,1,1,1,0.9778569885942703
FLPIVTNLLSGLL,1,1,1,0.9234285843411378
MQVNELGFLASLLFVLVPSVFLIVLYIQTASREAK,0,0,0,0.003314416549301488
LKNLCQKLRNKVSNTKVDTHKTNGYPH,0,0,0,0.1337964886621636
MRSFDQGSTRAPARERCRRQRPEGRSAQR,0,0,0,0.011021042024062618
ILLKGVLFARSSRLIPDKANLGFRFP,0,0,0,0.10129417893677457
KIKWFKTMKSIAKFIAKEQMKKHLKGE,1,1,1,0.941416635780535
ALCCYGYRFCCPNFR,1,1,1,1.0
ANHRANDVIAAEDGPQV,0,0,0,0.00268748492290076
GLFDVVKGVLKGVGKNVAGSLLEQLKCKLSGGC,1,1,1,0.912459452414492
GIPICGETCTIGTCNTPGCTCSWPVCTRD,0,0,0,0.0611007964954873
SGCCSNPACRVQNPNIC,1,1,1,1.0
GCCHPSTCHVRKGCSRCCS,1,1,1,1.0
AFANTGVEIVSIDTYLFSLYDEDK,0,0,0,0.012054935399839282
GFFDLAKKVVGGIRNALGI,0,0,0,0.33075097709877643
CSTCLDKP,1,1,1,0.9612100261963745
ELIGAANRDTKSFSINRKDAKERVAKAAR,0,0,0,0.12379108460020695
VSCEDCPEHCSTQKAQAKCDNDKCVCEPI,1,1,1,0.9680712799213289
MEALVYTFLLVSTLGILFFAIFFREPPRVTPKGGK,0,0,0,0.0008072849564885441
HSDAIFTDNYSRFRKQMAVKKYLNSVLT,0,0,0,0.017632948292069576
STSCMEAGSYCGSTTRICCGYCAYFGKKCIDYPSN,1,1,1,1.0
MKKARRSPSRRKGARLWYVGGSQF,0,0,0,0.008001227521180555
MPTITSYFGFLLVALTITSALFIGLSKIRLI,0,0,0,0.00047666518640845527
SKLMYD,1,1,1,0.825511642494314
FLVALYTFR,1,0,0,0.33905792269839335
DDCLGFFKSCNPDNDKCCENYKCNRRDKWCKYVL,1,1,1,1.0
FIGPVLKMATSILPTAICKGFKKC,1,1,1,0.9893780892785984
IPGYTHLQI,0,1,1,0.4024476119075484
PVCTRNGLPVCGETCVGGTCNTPGCTCSW,1,1,1,0.9364056429402159
CCPNLFYCCPD,1,1,1,1.0
MLAEGEPAIVQIGWAATCVMFSFSLSLVVWGRSGL,0,0,0,0.0010643900870136495
ESGVIAGYPLIDVKVTMVDGSYHDVDSSEMAF,0,0,0,0.0004745067388776676
KAFITLALGQEGCCPSGPCHFAACNPPCCT,1,1,1,1.0
LGHYLGMDTHDTGGNPNYADKDPKFKYLRLRGP,0,0,0,0.02205021250708883
DPNATIIMLGTGTGIAPFR,0,0,0,0.006499396994116197
TLQRLSKYPWCCTAIVSCCFIP,1,1,1,1.0
INWLKLGKKMMSAL,1,1,1,0.7188767264041168
IIGDTINGAITTADNIAGKIGII,0,0,0,0.06770402825561246
QGERQMAADNKSLGRFILDGIEP,0,0,0,0.003128548107193728
GILSTFKGLAKGVAKDLAGNLLDKFKCKITGC,1,1,1,0.9525875584929118
TPNSYILQQFENPANPKLIVAIFPSFGER,0,0,0,0.2338905740494339
GLGSLLGKAFKFGLKTVGKMMGGAPREE,1,1,1,0.8240868004299929
GCCSHPPCAMNNPDYC,1,1,1,1.0
ACGSCRKKCKGSGKCINGRCKCY,1,1,1,0.9997505474955511
YLINLCGMDFPIK,0,1,1,0.7037910208933679
MIINHNMSAINANRVLGTNADITKDL,0,0,0,0.01128891783451693
VSIGIKCDPSIDLCEGQCRIRYFTGYCSGDTCHCS,1,1,1,0.583554944625363
ACKPKNNLCAITEMAECCSGFCLIYRCS,1,1,1,0.8799211425986371
STYGKASRGGGNH,0,0,0,0.06389116694275541
FTSVKMPRDEHWPYN,1,0,0,0.07664419097405299
QVTEACEEACEAVKMHCCDVSDGTTKCVTRCL,1,1,1,1.0
GIPCGESCVFIPCITGIAGCSCKSKVCYRN,0,1,1,0.8727880741972266
HEKLTSFPRHNGA,0,0,0,0.05058898097288639
DGKCAGQDKPCKNSCDCCGARGECVYTGYP,1,1,1,1.0
CKSTGASCRRTPYDCCTGSCRSGRC,1,1,1,1.0
TWRKYDTDHSGFIETEE,0,0,0,0.20749294120172668
GPDSSFLRL,0,0,0,0.02464478561484872
MYFHSFLDTFSKYLGSTSCPLLRLSR,0,0,0,0.01012615651339686
GCEWDSWC,1,1,1,0.9995896637796604
FFHHIFRGIVHVGKTIHRLVTG,1,1,1,0.9986816604751991
KAYSMPRCKGGFRAVMCWL,1,1,1,0.9149845191242818
IVPFLGPLLGLLT,0,1,1,0.8695361486607371
QGWCCKENIACCV,1,1,1,1.0
KNTYAALSVMHSEKLH,0,0,0,0.0038868653955748136
GIFTFEDESTSTVAPAKLYK,0,0,0,0.01627707270074595
MIINNNISALNANRQLNLTGNSMTK,0,0,0,0.017260602615692462
HEEAELD,0,0,0,0.11155344673562193
MEFTVASGKGYVAAERNRPEDAPIGLIPVDSLYSP,0,0,0,0.00440823990668741
APSQSTVTALLTSCVSYIDDQ,0,0,0,0.022902837773693903
CDPPGAGCSLWESDCCSHFCILRQSGPTC,1,1,1,1.0
NILDGYVREGAWLLSRIYLDEVEGRDVVYYRT,0,0,0,0.0022902660054793873
AQITLTNKASYTVTPPAQANAADA,0,0,0,0.04249266579645118
IPVYNAIAWQCRR,0,1,1,0.5293087016887422
KDAADLSALNDNNNCCNHPACAGKNSDLC,1,1,1,1.0
AGNDKATDLMALTVRGCCSHPACAGNNPHICG,1,1,1,1.0
VDNMVPEKQKLFQANGIPVHLF,0,0,0,0.03715661680285994
GCCSHPACDVNHPELC,1,1,1,1.0
VVTEACEEYCEDRDKKTCCGLENGEPFCATLCF,1,1,1,1.0
MPTITSYFGFLLAALTVTSALFIGLSKIRLI,0,0,0,0.0007071783331309827
TGCCEYPYCAENNPELCG,1,1,1,1.0
GDCPWKPSC,1,1,1,0.9656803945104859
FLGALVNALTRVL,0,1,1,0.5733019641844885
FLPIVGKLLSGLF,1,1,1,0.9739950671608598
SPGSTICKMACRTGNGHKYPFCNCR,1,1,1,0.9600997869161694
AGGSSVGTGGGGTGGVGG,0,0,0,0.002890548544474078
ACCSDRRCRWRC,1,1,1,1.0
GTFPCGESCVFIPCLTSAIGCSCKSKVCYKN,1,1,1,0.8336027727365969
MEALVYTFLLVSTLGIIFFAIFFREPPKVPTKKIK,0,0,0,0.0005827670924769527
GCCSNPVCHLEHSNLCGAGGAAG,1,1,1,1.0
SKYESEGVARSEELQEVHQAFADAGRKPI,0,0,0,0.03167515531336541
SETDSRKEGRMGQKNAVIRQWCENDCNYAPK,1,0,0,0.20089955683046704
LYELSTYSFRHEQKGE,0,0,0,0.049333155302139234
MLSLIFYLRFPSYIRG,0,0,0,0.009811735023418793
KKENVHMLNGNAINLTNECTEYENKIKS,0,0,0,0.1917662252890708
GDESVSERIKIAQT,0,0,0,0.03601429749944246
MAQDIISTISDLVKWIIDTVNKFTKK,1,1,1,0.9680638998880378
YSCCPGIVSCCVIP,1,1,1,1.0
CWFPWC,1,1,1,0.999743919745576
HDVYGGDYRITGDDGHS,0,0,0,0.001252351544329841
SANLLAGMKVEIVNINNG,0,0,0,0.01345878182262504
GFDVHAFGGTGPIILGGVRIPYEQGL,0,0,0,0.0033776471322307148
MGKQIFNTAVICFTLTLIGLSLGFVLLKIQGDE,0,0,0,0.004094202791926514
DMEECCSHPACQGINPDYCD,1,1,1,1.0
FIHHIIGGLFSVGKHIHGLIHGH,1,1,1,0.9919466458825086
IISPPVCGNELLEEGEECDCGTPEN,1,1,1,0.9375877123164968
SGCCSNPACRVLNPNIC,1,1,1,1.0
DDCIKPYGFCSLPILKNGLCCSGACVGVCADLP,1,1,1,1.0
YDRWYESAKIIGIDIR,0,0,0,0.366374071355826
GLDLGLSRGFSGSQAAKHLMGLAAANYAGGP,0,0,0,0.10392759847440013
EPNSIWS,1,0,0,0.1463370718963768
ADSRKPDDRYDMSGNDALGDVKLATYEDNPWETFK,1,0,0,0.0974548865315847
CCYHPTCNMSNPQIC,1,1,1,1.0
GEEEYQKDVGKI,1,1,1,0.6679629289156839
DCQPCGHDVCCPP,1,1,1,1.0
RPPGFSPFRVAPAS,1,1,1,0.833058532300683
MNKLPAHLSRQNCKIASTNLSEIIPRRAAVLK,0,0,0,0.01777656168192478
ESKHFLNGETSVILGESV,0,0,0,0.0358916213690276
LRWCIPSGDLCFRSDHIQCCSGKCAFVCL,1,1,1,1.0
LKSFEKRSRKLKEG,0,0,0,0.3257546774930383
ILPIRSLIKKLL,1,1,1,0.9842020182332724
GADDSDWRKKGAVNVIKDQGQ,0,0,0,0.00881282033247972
LFNPNVVKVVCDAHDHALYFSRAPIPW,0,0,0,0.1323082401022974
GCCSDPPCRNAHPDLC,1,1,1,1.0
GDTRRQIL,1,0,0,0.3390636522231039
MEALVYTFLLVSTLGIIFFAIFFREPPKVPTKKG,0,0,0,0.00041568766595546924
QLAKTLGFDFVEMS,0,0,0,0.003433233059929646
DDECEPPGDFCGFFKIGPPCCSGWCFLLGCA,1,1,1,1.0
AANAKLFDVGQSCCSAPLCALLYMVIC,1,1,1,1.0
ATVVAPKYTAIKPLGDRVLVK,0,0,0,0.008204192540007723
DDCGKLFSGCDTNADCCEGYVCRLWCKLDW,1,1,1,1.0
LVPFLGKTLGGLLARF,0,1,1,0.5363111160553932
EVTEHSDSEDLTEKQKV,0,0,0,0.0002840188352447121
FRPALIVRTKGK,0,0,0,0.35718640347029074
ARLRGFQSTQPPYMALT,0,0,0,0.007291006182995475
GIGGALLSAGKSALKGLAKGLAEHL,1,1,1,0.9362706536260909
TVSENVVKKVEDVMPIATGHERELAQ,0,0,0,0.0036083648323253113
LDGYPLSKIN,1,1,1,0.7611560416332422
TKDEGTFIAEGGGVR,0,0,0,0.0020254549710783344
GLVPNLLNNLGL,0,0,0,0.39492985087219856
KMNLSAIQDREICC,0,1,1,0.964390670465562
AFCNLMRCQLSCRSLGLLGKCIGDKCECVKH,1,1,1,0.9969087947924371
MAVRGGCCSHPVCNLNNPQMCRGRR,1,1,1,1.0
ECTRSGGACNSHDQCCANFCRKATSTCM,1,1,1,1.0
GIPICGETCFFGKCNTPKCTCNKPLCYKN,0,1,1,0.9005281012511128
IRVIDWILRRCSGDATIAEETPIGFIP,0,0,0,0.010306009816455285
GCCSDKRCAWRC,1,1,1,1.0
KKNLKIGIVMDSITLINIKKDSSFAILLEA,0,0,0,0.05357473260072302
TEIQSFNFNGFVPEN,0,0,0,0.0031580612053230864
SWGPACQTRMCGGICCGSDSCGCKGNECDCP,1,1,1,1.0
CCNAGFCRFGCTPCCY,1,1,1,1.0
MGWSLCFWHVSVRMTHDVVCYY,0,0,0,0.10715346410071128
TNSACCLFEFYDCLYRAEINWKRGTVPVQE,1,1,1,0.7347987904455108
MATKGNLKRQTKYFSTIAYTETRGEATLRANYQ,0,0,0,0.008175170555949594
ECENPACGQHTSK,1,1,1,0.9927305209804534
MLAEVGLVGKAPGRYNLHLGGNRIGT,0,0,0,0.006674909086308866
AAAEECEEYCEEEEKTCCGEEDGEPVCAEFCL,1,1,1,1.0
GFFFP,1,1,1,0.6646177107165278
NLLQIGIMKRCANKRRRPVFHYRDYGCYC,1,1,1,0.9800697201978934
SHQDCYEALHKCMASHSKPFSCSMKFHMCLQQQ,0,1,1,0.5902494156928557
MIRMDIVGITWAALMVVFTFSLSLVVWGRSGL,0,0,0,0.000530351658047911
GVKKLDPSIFTKS,0,0,0,0.035495041725193424
TRGCKSKGSFCWNGIECCGGNCFFACVY,1,1,1,1.0
MGIIAGIIKVIKSLIEQFTGK,1,0,0,0.32205005064693154
FLGFLKNLF,1,1,1,0.7606425337504433
DLMQFETLIMKIAGRSGVWIYGSYGCYCG,1,1,1,0.9096364726468399
RDCQTGCVGCHNPAGCCCGGQVCVDNKRCEGGFY,1,1,1,1.0
MSDINATRVPAWLAECPCVGDDISHLLTRGEK,1,1,1,0.9885551396458028
AYTTEQCRALNGTCRFYACFPKNVVIGKCDWLG,1,0,0,0.1889713327402651
LTCYKGYHDTVVCKP,1,1,1,0.9331064620117774
LKVIATDPSTRRDIPKFCN,0,0,0,0.05459132905902648
MEPTQTINLIALSLIVVVHAGVLALRLGISLGRN,0,0,0,0.005035244167698721
ATPFGGSSYEGH,1,0,0,0.05856557188762257
GILDKLKEFGISAARGVAQSLLNTASCKLAKTC,1,0,0,0.37556306222089836
GLWDTIKQAGKKFFLNVLDKIRCKVAGGCRT,1,1,1,0.9892930966035095
CEVFKYNRKPAETNLR,0,0,0,0.0236657351462006
QEGEMGFEPCYAEV,0,0,0,0.042846318901992565
LKLMGIVKKVLGAL,1,1,1,0.8780417559235726
MFDDQDLGFFANFLGIFIFILVIAYHFVMADPKFE,0,0,0,0.013456301695301208
STCCGYRMCVPC,1,1,1,1.0
AGIVGLWLLKKFVLHGKLRGFAFYCIIVSLIVL,0,0,0,0.022362178941891936
MEVNILAFIATALFILIPTAFLLIIYVKTVSQND,0,0,0,0.0026699866466270887
GCCARAACAGIHQELCGG,1,1,1,1.0
VVIKTLVFQSESNNSFVELIPMKPLNLRAFL,0,0,0,0.08229072888550475
ALWMTLLKKVLKAAAKAALNAVLVGANA,1,1,1,0.8655871513366475
VTDRCCKGKRECGRWCRDHSRCC,1,1,1,1.0
TSDCCFYHNCCC,1,1,1,1.0
FFHLHFH,1,1,1,0.41799608937585797
WRVDSECISFWGSCTVDADCCFNSCDETYGYC,1,1,1,1.0
CTAPGGACYAAYTCCSNACNLNTKKCVLS,1,1,1,1.0
RISHQSQDRKIHVYGYSMGYGRAQHSV,0,0,0,0.10691382038659233
IRDECCSNPACRVNNPHAC,1,1,1,1.0
LATGEYNETVEEYSRYLGI,0,0,0,0.02326371146506087
MEALVYTFLLVGTLGIIFFAIFFREPPKVPVKGKK,0,0,0,0.0006633034470775585
NCCNGGCSSKWCRDAARCC,1,1,1,1.0
GCCSHPACSRNHPELC,1,1,1,1.0
ASILTNAS,0,0,0,0.1813418108212775
GTSKKNEEEKRRGLDK,0,0,0,0.016663020763530913
CCPGKPCCRI,1,1,1,1.0
MATQGFSCLLLSVSEIDLSMKRQYKQIR,0,0,0,0.0006790151030383105
MKNKSLFEVIKIGKVEVKIMAVMGAFG,0,0,0,0.024615624683790714
SPPFTSDQDLYTDSR,1,0,0,0.006822747257637848
KVFERELARTLKRLGLDGFRGVSLPNVLAR,0,0,0,0.00223973373057419
ECTPPGGACNIHPHCCEEFCDMANNRCLEM,1,1,1,1.0
DECFSPGTFCGIKPGLCCSAWCYSFFCLTLTF,1,1,1,1.0
SNSGDLVDAVVPYMGESIS,0,0,0,0.0037403818677516423
ADEGFSATVRNGAV,0,0,0,0.0490186748551774
MERASKMPSSYLYDQ,0,0,0,0.015105277569980697
LNVRGCCSHPVCRFNYPKYCGGRR,1,1,1,1.0
NPASCCSCADVDPGRASRKTPKGEDQVFIKEKDRC,1,1,1,0.9024100342274619
LVLL,1,1,1,0.6691149280497493
FFHHIFRPIVHVPKTIHRLVTG,1,1,1,0.9357906747041271
CKGKGAKCSRLMYACCTGSCRSGKC,1,1,1,1.0
GTPQIDGLSVSFQFRTWNKDGLLLSTELSEGS,0,0,0,0.009592788779063423
DFKCPSEWYAYDQHCYRIIN,1,1,1,0.6222318052929464
EDSREAAVEKLQEI,1,0,0,0.0406672849309109
TCVMFGSMCDKEEHSICCYECDYKKGICV,1,1,1,1.0
LVSVSPAFNGNYFVE,1,0,0,0.017133301224985034
ECLEADYYCVLPFVGNWMCCSGICVFVCIAQKY,1,1,1,1.0
MIEPLLCGIVLGLIPVTLTGLFVAAWNQYRRGSAL,0,0,0,0.007184566773746332
VTCYCRRTRCGFRERLSGACGYRGRIYRLCCR,1,0,0,0.36793592525673363
ASALIAQAILRDCCSNPPCAHNNPDC,1,1,1,1.0
TFDTPKHRCGSEITNSYMDLCY,1,1,1,0.9478754466800541
QMDMRCSASVECKQKCLKAIGSIFGKCMNKKCKC,1,1,1,0.9891022404204544
CIEYLEPCDFLRHTCCVGVCLLMACI,1,1,1,1.0
AFCNLRRCELSCRSLGLLGKCIGEECKCVPH,1,1,1,0.9876021182408179
FLVALRPGIIS,0,0,0,0.06874148506786296
YDDGSYKPHIYGF,0,0,0,0.39717396354173895
KAKFKAR,1,1,1,0.7414487996814365
EIIDYVDIVNGEAIMG,0,0,0,0.007547286440652359
RPQCCSHPACNVDHPEIC,1,1,1,1.0
MIYDSQIYTVLCIALLAGILAIRLGSTLYE,0,0,0,0.002298023128668461
GKPSRPRPAPIQPRPPHPRL,0,1,1,0.4127226303524346
VSTAPYGAWQSPID,0,0,0,0.03369585894342429
VSIWFCASRTCSTPADCNPCTCESGVCVDWL,1,1,1,0.9757016994092184
SPAFQAQKQAKVNDVLDKLY,0,0,0,0.036673345211323385
VKLIQIRIWIQYVTVLQMFSMKTKQ,1,0,0,0.058690193935290805
VPPGFTPFR,1,1,1,0.992546513088899
KMPYLKEEPYFGMGKMAVSWHHDENLV,0,0,0,0.050979869924693444
TISCTNEKQCYPHCKKETGYPNAKCMNRKCKCFGR,1,1,1,0.9948002121791534
HVVAAITALKERGGSSHQALKKYKAAN,0,0,0,0.32105686847030934
GVCCGYKLCHC,1,1,1,1.0
GFGKAFSVSNFAKKHKTA,0,0,0,0.36845533393639107
CTPPGGSCGGHAHCCSKSCNIMASTCND,1,1,1,1.0
MHVAPTTELKALLRLAGPLIASQLAHMLMV,0,0,0,0.0012798228312434217
MGYILPALSQQTCCVRPWCDGACDCCVDP,1,1,1,1.0
GVIPCGESCVFIPCISAVIGCSCKSKVCYRN,0,0,0,0.23677909941993636
CTPSGGACYVASTCCSNACNLNSNKCV,1,1,1,1.0
DGCSNAGAFCGIHPGLCCSEICIVWCT,1,1,1,1.0
SLANFLSMTLTAAKRKPKEYDGYGNYCG,0,1,1,0.6125931280674276
IAAILTLIAWVYVTGGLHMDGWMDLADGLG,0,0,0,0.005790493179477823
LTQFECCSEVFSCC,1,1,1,1.0
GCCSVPPCTANHPELC,1,1,1,1.0
LNMLEPVGETLASEYPYK,0,0,0,0.3904704748732331
GFPGKSLIF,0,0,0,0.2786042754748219
SDPEVPGMWFGPRL,0,0,0,0.023159931981774896
GKLTKDKLKRGAKKALNVASKVAPIVAAGASIAR,1,1,1,0.9724882304559925
TCSNKGEQCEDDSDCCWHLCCVDNKCAKLILLCNL,1,1,1,1.0
DPCCSYPACGANHPEICG,1,1,1,1.0
GCCDPQWCDAGCYDGCC,1,1,1,1.0
IIAGTARSMGITVEG,0,0,0,0.0034375802559436343
ARPPGFSPFRIV,1,1,1,0.9587044854310914
VSCEDCPEHCSTQKARAKCDNDKCVCESV,1,1,1,0.9569376623487117
DEAIDENGEMNRRYMGDLVFNHPEKRLELNAII,0,0,0,0.011265022348847171
VGCEECPMHCKGKNAKPTCDNGVCNCNV,1,1,1,0.9952148186586911
IIGPVLGLVGKALGGLL,1,1,1,0.8447288036189866
IRDECCSNPACAVNNPHVC,1,1,1,1.0
CLGFGEACLMLYSDCCSYCVALVCL,1,1,1,1.0
MAFNIHNRNLLSLEHHTNRELRYLLDLTRDLKAK,0,0,0,0.005314897889794274
MEVNILAFSATALLILFPTALLLILYVKTVSQNN,0,0,0,0.0013315449342710783
MIDYVGSFLGAYFLGFALFYGIGFFKSISNRII,0,0,0,0.03973619664620295
TVICTDKTGTLTLNQMKVTDFWFGLESGKASSVSQ,0,0,0,0.02128784513603406
LTHDSPSVRKTHNNGRKHKENVRFYYQKWMEE,0,0,0,0.013607096931755434
CKGKGAKCSRLMYDCTGSCRSGKGS,1,1,1,0.9971838254984022
GDALGFGHAARESSSLGAR,0,0,0,0.0038833559874045936
QSCCATPSCAKLY,1,1,1,1.0
GLLKRIKTLL,1,1,1,0.9963797007289272
GCCSHPACSVNHPDLC,1,1,1,1.0
PGQMDVDVTRKMIGEL,0,0,0,0.006987990054592082
ADTGDGDFITEGGGVR,0,0,0,0.00043997332522782164
HDNWIDCCHDGDCC,1,1,1,1.0
VIPFVASVAAEMMQHVYCAASRRC,0,1,1,0.8596711600829814
KCCPESPPCCHYF,1,1,1,1.0
INLKAIAALVKKVL,0,1,1,0.96780647061765
GGVGRCIYNCMNSGGGLNFIQCKTMCY,1,1,1,0.7615912139141172
IIIDNDMSNEVGTIMVITLCLVTI,0,0,0,0.005404930606928145
TIIGAPCRKCEHLDRSGNCVRDWSCGQEV,1,1,1,0.8251360297088632
NKGCATCSIGIACLVDGPIPDFECAGATGLGLWG,0,1,1,0.596197611456549
MESVAYILVLTMTLAVLFFAIAFREPPRIQK,0,0,0,0.001115267856852428
KGVCCGYKLCHC,1,1,1,1.0
GLLSGLKKVGKHVAKNVAVSLMDSLKCKISGDC,0,1,1,0.42208476262842226
GLIQTIKEKLKELAGGLVTGIQS,0,0,0,0.026605245758080442
GPMGWVPVFYRF,1,0,0,0.019643133475461486
MVQLVDLARCVSF,0,0,0,0.027448539298428793
GEEEYSEAI,1,1,1,0.9859044286953362
DYDVERAQKGIIYIDEIDKIARKSDS,0,0,0,0.011489055005378166
AAKVKYSKTPEECCPNPPCFATHSEICGGRR,1,1,1,1.0
MEALVYTFLLVATLGIIFFAIFFRDPPKVPNK,0,0,0,0.000250404916623247
AECMVDETVCYIHNHNNC,1,1,1,0.9885562120679025
GRCCHPACGKYYSC,1,1,1,1.0
NSTMDSLLQLGR,0,0,0,0.08665174129257754
GLPICGETCFFGKCNTPKCTCINPICYKN,0,1,1,0.9359063960546868
HCTYHRHCCDLYCNKTTNVCLET,1,1,1,1.0
SYAMEHFRWGKPV,0,1,1,0.9015891206372102
AQAATPAADGKKKISIDTR,0,0,0,0.03594128363866821
PGMGIYLPM,1,0,0,0.303331047696358
GRDAYIADSENCTYT,1,1,1,0.49329282968070287
GYGRDAQIEGVMREGERVLLVEDLTTD,0,0,0,0.002058524434765709
SIRMCRREAQLCDPIFQNCCHGLFCVLVCV,1,1,1,1.0
FLPLILRKIVTAL,1,1,1,0.7016215872223044
RGSNLTHPLRNIRDLFYVG,0,0,0,0.006597896383581337
SCTGSCSSSSFCPPGCDCFHAECT,1,1,1,0.9906129984233277
MEAFAYVLILTLAVVTLFFAVAFRDPPKFDRK,0,0,0,0.0003408572924494019
RWKVFKKIEKMGRNIRDGVIKAAPAIEVLGQAK,0,1,1,0.506303855486237
ATVEVRNNPGYVVA,0,0,0,0.006843147512762
DCKALGEFCGIPYVHNSQCCSQLCGFICV,1,1,1,1.0
IRPIPFIPRGGKT,1,0,0,0.32923988123902925
CCTPFYFCCNN,1,1,1,1.0
MIIIFIELCRIADSLLWIPKSWRRTSSISTYLIL,0,0,0,0.011391532331374873
ASREYSDLLPIMSLIE,0,0,0,0.34663359127243576
DPPFAPRM,0,1,1,0.6000829383119353
VKVYNQFGTKVELGVSMRIF,0,0,0,0.07088803210362238
LLKVIDNPMQDVPMLSLLISPIIGLSAEELTD,0,0,0,0.0046048427177215415
MQRPRPPRPLSYSRSSEEAFLEA,0,0,0,0.007808917564726303
CVTDLGKSSIIKVSDMKVVLGKFYRDDDREEKS,0,0,0,0.016830737239116354
SASGGAGESSGMWFGPRL,0,0,0,0.002361868750303133
AEKLEPVLPLIV,0,1,1,0.4213062897007179
AFCNLLMCQLSCRSLGLLGKCIGDKCECVKH,1,1,1,0.9949546368399479
VNLQHLIVNNNQLGGIADEAFEDFL,0,0,0,0.004262105812024716
GCCSHPACWVNNPHIC,1,1,1,1.0
RKANPQDKVHPIKSEFIRAKYQMLAFV,0,0,0,0.026847748945845518
GCIAKNKECAWFSGEWCCGALSCKYSIKRNLKICV,1,1,1,1.0
YAYGNQPPIALWNLTRLAECLVRLLADD,0,0,0,0.018900596698070003
EYPVVFVKGLFPGKG,0,0,0,0.013623519388308468
YKLPDAVPIRV,1,0,0,0.16157117638557422
HGYYILAQCPPGDTVTVGFHDGPNRHTC,0,0,0,0.019142254041530863
RHMKRAGRVWIRVFPDVPVTAKPTEVRMGKGKG,0,0,0,0.013244019817218058
GLMSTLKDFGKTAAKEIAQSLLSTASCKLAKTC,1,1,1,0.4120594555110865
MTSISDGQIVVALISAFIIVILASRLGKELYQ,0,0,0,0.00315697098987859
LDKKECTTNGEFCGISVFASFLCCSGLCVFVCI,1,1,1,1.0
GIIPCGESCVFIPCITSIVGCSCKSKVCYKN,0,0,0,0.10956294335578806
RPPGFTPFR,1,1,1,0.9968717694765867
GCCGAFACRFGCTPCC,1,1,1,1.0
GHNKKDKKMQKK,0,0,0,0.20220702536811339
CKGKGAKCRKTSYDCCTGSCRSGKC,1,1,1,1.0
KDDHCKDLGSIDDDE,0,0,0,0.24219133031486878
STATSDETVEWEDGNT,0,0,0,0.003450039395602551
YYKDSEISKGLIEFDMKTPRDYSFDIYDLKGEN,0,0,0,0.03087027782890609
MPIITSYFGFLLTALTIASALFIGLSKIRLI,0,0,0,0.0006985454708112904
VGTDFSGNDDISDVQK,1,0,0,0.005844654192623655
ANNAGARKAIRKIEARTEVN,0,0,0,0.0071810920891011735
RDVDVGSFLPKSPSDPSMVL,0,0,0,0.015465926301716521
YTHFTCATDTMQIRFVMAAVNDIIIQ,0,0,0,0.030151014001374203
GIVCECCKNHCTDEEFTEYCPHVTESG,1,1,1,1.0
ECTHSGGACNSHDQCCNAFCDTATRACV,1,1,1,1.0
VTQWRYQGKAVVALLDGVETREQAQMLTNCEI,0,0,0,0.002523806228174261
VMANLATKQSIEGKKLTIHTPLIHLNK,0,0,0,0.03794343620596079
MKRGYEVVRDPHLNK,0,0,0,0.010960591868039238
ITKWLLNAIKKGFKL,1,1,1,0.9948998914085642
CLIQDCPEG,1,1,1,0.9114689011877146
KTRNWFSEHFKKVKEKLKDTFA,1,1,1,0.8939237456527034
SLGSGGSL,0,0,0,0.0600406654530346
ACSAG,1,1,1,0.9572836084916987
MYNNTIEDQGVKG,0,0,0,0.004608089763623863
LDALLERLEAGETLSAEDQAWVDAKLD,0,0,0,0.008772334292049053
AKDNFLRF,0,0,0,0.007148103156851311
GTVSKVTNVWVHPEYQD,0,0,0,0.05665860475314712
TCCKFQFLNFCCNE,1,1,1,1.0
QDGPIPP,1,1,1,0.9643553394267355
AGPRAKRALTVNGLRQLIAFISRMTASDRAELEGI,0,0,0,0.0032411553660559706
FLPIVGRLISGIL,1,1,1,0.9852383505092059
FLPLLAGVVANFLPQIICKIARKC,1,1,1,0.9540420927603592
SFQCELVFAK,0,0,0,0.27857088951966685
EECCPNPPCFATNSDICG,1,1,1,1.0
AAKIALIGAGMIGGTLAA,0,0,0,0.011117710727739306
SRCFPPGIYCTPYLPCCWGICCDTCRNVCHLRI,1,1,1,1.0
MESVAYILILTLAIGVLFFAIAFREPPRIEKKEEK,0,0,0,0.002292657953221086
SLFSLIKAGAKFLGKNLLKQGACYAACKASKQC,1,0,0,0.31256666014406354
ILIHDRGEIAPDIIEKIREEILEVI,0,0,0,0.008239345310790036
GLEVLGKILSGIL,0,1,1,0.7142056172734786
ALWKDLLKNVGIAAGKAALNKVTDMVNQ,1,1,1,0.9282184947403903
GVVEHCCYRPCSNAEFKKFC,1,1,1,1.0
MNNLEVVFQLMALFFVLAAGPAVVVLVASQKGNL,0,0,0,0.0007550025124376509
GLPICGETCFTGTCNTPGCSCTYPICTRD,0,0,0,0.05883689960084343
KIKTREVCWTEEECENWE,1,1,1,0.7910676604830331
MVQRGSKVKILRPESYVYNEVGTVAS,0,0,0,0.0007256124589807971
ILPDARYRVQLDAGHEIV,0,0,0,0.002810183866818482
NPVDDHHDDHHDAPIVEHHD,0,0,0,0.23399971690454213
RACCSNPPCAHNNPDC,1,1,1,1.0
MNTELIVQLGSLTLITLAGPLVVVLLFLKQGNL,0,0,0,0.0008966767638058001
LPPCCTPPKKHCPAPACKYKPCCKS,1,1,1,1.0
RYTPATIRERLTMRDFMDTLRASGIQTGGPDSL,0,0,0,0.0026086557998420247
HSQGTFTSDYSKYLDSRRAQDFVQWLMNT,0,0,0,0.0033450902799113903
SCIEKGDFCGWVILSESCCTGFCFYVCI,1,1,1,0.8538163173767661
IDPLTILKILKGGLKSICKHRKYLDKACASIGQ,1,1,1,0.7597271489407216
KYSETIARLGLRR,0,0,0,0.02697717101512514
NLYQFKNMIQCTTKRSVLEFMEYGCYC,1,1,1,0.9338578573147643
MEALVYTFLLIGTLGIIFFAIFFREPPRLPVKGKK,0,0,0,0.0009192677310256599
DKNAYGIDLIL,0,0,0,0.1741412331670706
SLLWRWNSMKPVGASCRDHLECGTKYCRRSICTF,1,1,1,0.9206237616344486
FIHHIIGGLFSAGKAIHRLIRRRRR,1,1,1,0.9847748980153225
SFLNFFKGAAKNLLAAGLDKLKCKISGTQC,0,1,1,0.9403557261040314
HRVLGSWTGDSVNYAASRFLGANQVGCT,0,0,0,0.11553030176527707
MEALVYTFLLVSTLGIIFFAIFFREPPKILTKKMK,0,0,0,0.00054060583123676
EDKYTDKYDNINLDE,0,0,0,0.007651832316802827
VCCPFGGCHELCTADD,1,1,1,1.0
KESLLNKIVEM,0,0,0,0.16385350390604203
PASDSGFLRDP,0,0,0,0.003679365385229598
SFYLSRQTVVAARRPAMAR,0,0,0,0.03481750872173308
QGWPGPKVPP,1,1,1,0.9842568950552445
MKLLCWQKSIHGS,0,0,0,0.004949828459440278
ANKRPVWIMGHMVNAVYQIDEFVNLGANSIDTDVS,1,0,0,0.30811708604515486
GLYLAVRRILRCH,0,1,1,0.5553133518480388
TCLARDELCGASFLSNFLCCDGLCLLICV,1,1,1,1.0
GWTLNSAGYLLGPHAIDNHRSFNDKHGLA,0,0,0,0.011115207199193644
FLSLIPHAISAISAIADHL,0,0,0,0.22562782164818482
FLGALFKVASKLVPAAICSISKKC,1,1,1,0.8723128180954822
LDAELVDSDWRPIELRTG,0,0,0,0.006443052693524645
GCCSNPPCYANNQAYCN,1,1,1,1.0
SPVPEDDRGDNFVRL,0,0,0,0.05056736161330721
PISRGIMI,0,0,0,0.25891398197939713
ASDVTLNSFAEDVTVGECCDCVDLTTVY,1,1,1,0.9200139430206361
IVRCCSATCKSCVCCF,1,1,1,1.0
LKCNKLIPLAYKTCPAGKDLCYKMYMVSDK,1,1,1,0.9528615016877303
MKWETPTATDLRFGFEITMYVSAR,0,0,0,0.006062397863079445
MLDPTGTYRRPRDTQDSRQKRRQDCLDPTGQY,0,0,0,0.11156466598635292
GGCTPCGPNLCCSEEFRCGTSTHHQTYGEPACLSY,1,1,1,1.0
ECCEDGWCCTAAPLTAP,1,1,1,1.0
NNEAYIEEVRQAGLELFSEENLQILS,0,0,0,0.004545715306988459
GFFLNALKNFAKTAGKRLKSLLNHASCKLSGQC,1,1,1,0.4938842470807414
MVTLISYISLLAGFVIIASVFYLALVKIKLI,0,0,0,0.0006572554460584266
AYDPDPYKRYSAEHTFFLL,1,0,0,0.1110904937618959
KGCCSNPACAGNNPHVCRQ,1,1,1,1.0
GSCLELGEYCNGSKDDCQCCRDNAYCGCDIF,1,1,1,1.0
IDPKLLESLA,1,1,1,0.40024744172163856
GCCVYPPCAVNHPDIC,1,1,1,1.0
GFLSGSTGIEIPGPQL,0,0,0,0.012041007684107884
GEEEYQKMLENLRESRS,1,1,1,0.9922542596110322
VLGLIPITLAGLFVTAYLQYR,0,0,0,0.015971665476620468
CSEVGAACDTESNICCSGECFAVQGSTFGICE,1,1,1,1.0
PECCSDPRCNSTHPELCG,1,1,1,1.0
VNPIILGVLPKFVCLITKKC,0,1,1,0.9763685639494977
ICPRILMPCSSDSDCLAECICLENGFCG,0,1,1,0.40597766122127876
MPFKLFDVSKPIPERKEHTYVKHCGDP,0,0,0,0.22260445969058085
TMSAVRLTHIPTGIVVTCQDEKSQIKN,0,0,0,0.01267660681146961
FLPLLFGAISHLL,0,1,1,0.5961303479480982
MATIYKVTLINETEG,0,0,0,0.007579120656986341
GFGSFLGKALKAGLKLGANLLGGAPQQ,0,0,0,0.19520003787251927
SVGDTNFVYNQKVDKHAFYEQNKRVIEQ,0,0,0,0.014666775767344814
TANNKATDLMALTVRGCCGNPSCSIHIPYVCN,1,1,1,1.0
QHWSHGWYPG,0,0,0,0.03347551160738372
FCLDQGEFCGWVIFSEDCCSGFCLFACI,1,1,1,1.0
INLKAIAAFAKKLL,1,1,1,0.9942647946156153
VSCEDCPEHCATKDQRAKCDNDKCVCEPK,1,1,1,0.9274393973589996
MSPQTETKAKVGFQAGVKDYKLTYYT,0,0,0,0.027582671228434764
RAIPGLENAEFARLGGL,0,0,0,0.10946240495132363
GSENTFQQIVSEMALAGFTGSEVGSKYPRDPAVLK,0,0,0,0.014157537393592799
MDKLAAGGLYLLFLLLAGIIVTH,0,0,0,0.00417863410341986
MLTLFSYFGFLFAALTLALVLFIGLNKIQLI,0,0,0,0.0010830117682546468
YAEVPSPAAQAPTAD,0,0,0,0.0018518283418590418
NEEEKVKWEPDVP,0,0,0,0.036180820042030014
GLIGSIGKALGGLLVDVLKPKLQAAS,0,0,0,0.08581218229877911
CTPSGTICSPEAPEQCCSNSCVPHQWLRIFVCA,0,1,1,0.9987954064060591
DCLPGWSVYEGRCYKVFNQKTWKAAEKFC,1,1,1,0.8759071774113351
TCLGKNALCGAPGVGVLVCCSFKCVVVCV,1,1,1,1.0
VTAVALTDSVHNVWHQE,0,0,0,0.08742777292653647
QNCCNGGCSSKWCKGHARCC,1,1,1,1.0
SCNNCPEEPCCAGDQCMPDPGYEPFCGN,1,1,1,1.0
EDSLSDWERVYLPIDPGVVL,0,0,0,0.0010814244644310569
FFGSMIGALAKGLPSLISLIKK,0,1,1,0.7259591855895342
SIPCAESCVWIPCTVTALLGCSCSDKVCYN,1,0,0,0.2259053649079102
APEESPKRAPSGFLGVR,0,0,0,0.11213149323457339
MDILSLGWSALMVVFTFSLALVVWGRNGF,0,0,0,0.0012679081950018973
MSDINGTRLPIPGLIPLGIPCVSDDVNPTLTRGER,1,1,1,0.9595776334082727
NSELINAILGSPTLFGEV,0,0,0,0.21959785276524024
AHAVEEAVERQLHTLARTE,0,0,0,0.0018299920844724587
RGSNLTTHPLRNIKDLVVYM,0,0,0,0.026384560962108408
SELTVEDVEPLNNADKNKVVII,0,0,0,0.0017977251272045316
MVNWQVIGQLLSATLIVLAGPAVIFVLAFKKGNL,0,0,0,0.0018172769461175403
EQCGRQAGGATCPNNLCCSQYGY,0,1,1,1.0
DPASVSDAKQ,0,0,0,0.17047519177537965
DVLLFIDNIYRYTLAGTE,0,0,0,0.009164298550409702
QDKPFWSPPIYPH,0,0,0,0.044652177472752054
KAIKNDVPRLIWS,0,0,0,0.07800062620383891
ATETPDIELLTPIDGVNNDDNLIVKA,0,0,0,0.011032853170149987
IPPFIKKVLTTVF,1,1,1,0.7984911359047366
CLGCGEDPRCC,1,1,1,1.0
YDASLKPNLQIPQKNIPNNDAVNIK,0,0,0,0.05170442042833251
GIPCGESCVFIPCITSVAGCSCKSKVCYRN,0,0,0,0.33973145274101796
APAPSGGGSAPLAKIYPRGSHWAVGHLM,0,0,0,0.04911910233884882
QVRYRQCYFNPISCF,0,0,0,0.19752754498927286
FLPAIAGILSQLF,1,1,1,0.6804202243807446
GLYCCQPKPNGQMMCNRWCEINSRCC,1,1,1,1.0
VPHIVVFLNKADMVDDAELLELVEMEV,0,0,0,0.001413951811617133
LYYSQNGVAVMAVCCGPTRVFVDRELKA,0,0,0,0.1955963492665278
RQPQVVVPEALLCSLGVKRVLLSVSHSREYAT,0,0,0,0.0028196886809387363
CCAPSACRLGCRPCCR,1,1,1,1.0
IGVCCGYKLCHC,1,1,1,1.0
SLWSSIKDMAAAAGRAALNAVNGIVNP,1,1,1,0.9349838343559005
GTTCKCGSTLGIYWFAVTSCPPGRGYTTHCGYF,1,1,1,0.8166784142127943
GAYGQGQNIGQLFVNILIFLFY,0,0,0,0.028486164681634743
MLTIISYFLFLIGALTLALVLFIGLNKIQLI,0,0,0,0.002133692558981412
ILPWKWPWWPWRR,1,1,1,0.9966693075624543
GCCPYPKCIHVTFCKCC,1,1,1,1.0
ESECPWHPWC,1,1,1,0.9995303752924133
GFCAQKGIKCHDIHCCTNLKCVREGSNRVCRKA,1,1,1,1.0
FFHHIFRAIVHVGKTIHRLVTG,1,1,1,0.9994632984194632
GLEETYCSMKIK,0,1,1,0.6436702865062477
AFCCPSGWSAYDQ,1,1,1,1.0
PDEEYNPYEPLTEWFTTEKEIM,0,0,0,0.012930714193828467
MPKSLLLVLALALLAQTALANGPQGSSDRNWIRLG,1,0,0,0.03528527722960299
FADLNNSPGREGHAVMAGTFLGEF,0,0,0,0.018468770327672652
MLTIISYFGLLLATLTFTIVLFVGLSKIQLI,0,0,0,0.0005132546522288098
AVCNLRRCQLSCRSLGLLGKCIGVKCECVKH,1,1,1,0.9909312066677503
DEGGTQYTPRL,0,0,0,0.05407163899799519
CLAPQRWCSMHDDNCCKTCIILRCS,1,1,1,1.0
WWEGDCTGWLDGCTSPAECCTAVCDATCKLW,1,1,1,1.0
MPTITSYFGFLLAASTITPALLMGLSKIRLI,0,0,0,0.0005951205983528499
GEEEYQKMLENLREDRS,1,1,1,0.9868476285471979
MLTKFETKSARVKGLSFHPKRPWILTSLHNGVIQL,0,0,0,0.022347269898919712
AGRKTLRLCVCEDSRLRRRRRGPPLGELR,0,0,0,0.2394802168296394
GITCECCYNHCSFRELVQYCN,1,1,1,1.0
FHPSLWVLIPQYIQLIRKILKSG,1,0,0,0.2624873897575602
VLESKFLELKQKFAQGDVPLPSFWGGY,0,0,0,0.012255965574671061
GRCCDVPNACSGRWCRDHAQCC,1,1,1,1.0
VVLDCGCGAGSTITPYLLQELGC,0,0,0,0.32653777398408756
PSYKLHYFDLRAAGE,0,0,0,0.007111100183347316
EALHQELEARIAALSDSVANAS,0,0,0,0.005182576251226885
GRCVCRKQLLCSYRERRIGDCKIRGVRFPFCCPR,0,1,1,1.0
PCRLSWALQCLEDRQ,0,0,0,0.17723313258750645
MKYLAFLIKGKTTHFDVGK,0,0,0,0.014567871216449174
CCWNRACTRLVPCSK,1,1,1,1.0
MLVVIMFFIAFAFCSWLSYSYLRPYISTKELNKSR,0,0,0,0.05955978217846636
GFADLFGKAVDFIKS,0,1,1,0.7567313876085133
EWKLPDLIINHITLTRRNCFKYRCG,1,1,1,0.8430307938488198
GGAAGGCCSDPPCRNKHPDLC,1,1,1,1.0
GCVGHRKSCEHDKKNGCCYFMTCNCWHPMGQ,1,1,1,1.0
DCGAQGEGCYTRPCCAGLSCVGGHSGGLCQY,1,1,1,1.0
KGICCGVSFCYPC,1,1,1,1.0
SLLGTVKDLLIGAGKSAAQSVLKGLSCKLSKDC,1,1,1,0.7079354308478325
CCPGWELCCEWDDGCKGNDL,1,1,1,1.0
GCCPKQMRCCTL,1,1,1,1.0
AGLFAQPRL,0,0,0,0.01591909319334722
FLPVLAGLTPSIVPKLVCLLTKKC,1,1,1,0.7902815323159784
QARPPHPPIPP,1,1,1,0.9896004496222591
WCPPMIPLCSRF,1,1,1,0.99691771146388
GIMDTLKNLAKTAGKGALQSLLKMASCKLSGQC,0,0,0,0.1921736503135356
GEEEYQKNVGKSKRSRS,1,1,1,0.8884408562659492
GCCSHPACNVRNPHIC,1,1,1,1.0
EQATLIDFGKLNADIVPDKNGGMTQ,0,0,0,0.0029256951465757314
APWMVVTATTNCCGYTGPACHPCLCTQSC,1,1,1,1.0
TIICYGAAGTCARVVCDCDRTA,0,0,0,0.30924431729555835
FHGHTKDSKKNIKK,0,0,0,0.3636744083830374
DGVCCGYKLCHC,1,1,1,1.0
MDSKAVLKGMLEKAYRIEAGFEKRG,0,0,0,0.026568869934877653
FNDGASCGQCYKIACDRKRAPQWCRPGVTVTIT,0,1,1,0.8635743599303071
GCCSHPACHIHPEC,1,1,1,1.0
YECYSTGTFCGINGGLCCSNLCLFFVCLTFS,1,1,1,1.0
ITACLDPDGWKEPGPLPGISTK,0,0,0,0.03182585375960369
FLSLIPHAINAISAIADHF,0,0,0,0.34550171459714957
HPFCNNLRSGDWM,0,0,0,0.038010891175090225
NTGTPAHMAWSILALGFFS,0,0,0,0.007210617255279822
PRRRRRSSRPVRRRRRYRRSTVARRRRRVVRRRR,0,0,0,0.002080347826476231
RIRFPWPWRWPWWPRFRG,1,1,1,0.9933391443078265
FQLWRASGITSELQLYCTAIGALIFAALMLFAGWF,0,0,0,0.003350919058581766
VGCEECPAHCKGKNAKPTCDDGVCNCNV,1,1,1,0.9981607161764499
EGSGSGETSGMWFGPRL,0,0,0,0.0012857246693097376
IRLIRELLQTLYTSLCTLVQRVGKSVLVGNINMWV,0,0,0,0.060320915965088255
TCEPGASPHPQGKCRPELAEFHETMCEV,1,1,1,0.7020910818783328
YSSQLAQVQGLIGNVESQLAEIR,0,0,0,0.0013601649499925695
MDIPGADEKLAQFKKDL,0,0,0,0.004988447162554212
MPTITSYFGFLLAALTITSALFIGLSKIGLI,0,0,0,0.00105375873912847
ALWMTLLKKVLKAAAKALNAVLVGANA,1,1,1,0.882988425887276
CCSVSICQSPPVCECCA,1,1,1,1.0
MDIVSFAWAALMVVFTFSLSLVVWGRSGL,0,0,0,0.0001982576775761425
MTLAQFAMTFWHDLAAPILAGIITAAIVGWWRNRK,1,1,1,0.820706816887794
PRRRRRSSRPVRRRRRYRRSTAARRRRRVVRRRR,0,0,0,0.0014784270012014708
GCCSTPPCAVLYC,1,1,1,1.0
DCPSDWSNHEGHCYRVFNEWMNWAD,1,1,1,0.8610207427078858
LDKRCIPHFDPCDPIRHTCCFGLCLLIACI,1,1,1,1.0
VECPIYYCPDSVCC,1,1,1,1.0
FLPIIAGAAAKVVEKIFCAISKKC,1,1,1,0.7269110788121061
VSGSGIMAKRVVVDA,0,0,0,0.005554880506831302
EDCLGWFSRCSPKNDKCCPNYKCSSKDLWCKYKIW,1,1,1,1.0
QLARVVEVFRYLAALF,0,0,0,0.0008492403098515562
AVSLVLPQLK,0,0,0,0.13641333565277108
GSVLNCGETCLLGTCYTTGCTCNKYRVCTKD,1,0,0,0.24847787290339585
ARYAILFAGSNVVYNAQADIYTIYTFL,0,0,0,0.016291303765649776
CCEYPACYVGCMCCNP,1,1,1,1.0
RAGLAASSVSPHV,0,0,0,0.012088646683006072
MKARREKLAALREQGIPFPNDF,0,0,0,0.02054242589361929
GLFTLIKCAYQLIAPTVACN,1,1,1,0.665623201889791
AKNIQYFGAGTRLSVL,0,0,0,0.006013786017949596
LVSLPQIAHADCCSDPACKQTPGC,1,1,1,1.0
MPKRGLFVGRFQP,0,0,0,0.009133346132757266
LTYAAPVWKVLNEKRKAGHRILFEGA,0,0,0,0.0038950980586730313
FLGALLGPLMNLLQ,1,1,1,0.6660332506442207
VAGKSFVPIAAGRQ,0,0,0,0.042500266109485416
GKPRPQQVPPRPPHPRL,0,0,0,0.3517270018909792
LSLGTIKKLLQILAQGLKAICNHRDLIAKGCQA,1,0,0,0.39553228884220837
